date,directory,loc
2026-04-29,TOTAL,55232
2026-04-29,cmd/gen-sqlstate,171
2026-04-29,cmd/gen-tap-coverage,142
2026-04-29,cmd/goopg,1018
2026-04-29,internal/access,1199
2026-04-29,internal/aio,1647
2026-04-29,internal/analyzer,1248
2026-04-29,internal/auth,1624
2026-04-29,internal/catalog,1574
2026-04-29,internal/config,1291
2026-04-29,internal/control,368
2026-04-29,internal/executor,9184
2026-04-29,internal/initdb,2461
2026-04-29,internal/lockmgr,888
2026-04-29,internal/mvcc,513
2026-04-29,internal/parser,5749
2026-04-29,internal/planner,4514
2026-04-29,internal/protocol,812
2026-04-29,internal/server,6738
2026-04-29,internal/sqlstate,552
2026-04-29,internal/storage,2559
2026-04-29,internal/testport,199
2026-04-29,internal/testutil,1694
2026-04-29,internal/vacuum,316
2026-04-29,internal/wal,8771
2026-05-06,TOTAL,91861
2026-05-06,bench/tpch,693
2026-05-06,cmd/gen-sqlstate,171
2026-05-06,cmd/gen-tap-coverage,142
2026-05-06,cmd/goopg,1073
2026-05-06,cmd/tpch-runner,239
2026-05-06,cmd/validate-ralph-state,439
2026-05-06,internal/access,3841
2026-05-06,internal/activity,374
2026-05-06,internal/aio,1661
2026-05-06,internal/analyzer,1935
2026-05-06,internal/auth,1670
2026-05-06,internal/autovacuum,170
2026-05-06,internal/catalog,2692
2026-05-06,internal/config,1382
2026-05-06,internal/control,368
2026-05-06,internal/executor,19267
2026-05-06,internal/initdb,4864
2026-05-06,internal/lockmgr,912
2026-05-06,internal/mvcc,1488
2026-05-06,internal/parser,7433
2026-05-06,internal/planner,11672
2026-05-06,internal/plpgsql,939
2026-05-06,internal/protocol,907
2026-05-06,internal/server,7650
2026-05-06,internal/sqlstate,552
2026-05-06,internal/storage,4345
2026-05-06,internal/testport,1597
2026-05-06,internal/testutil,2465
2026-05-06,internal/vacuum,368
2026-05-06,internal/wal,10552
2026-05-13,TOTAL,124011
2026-05-13,bench/tpch,693
2026-05-13,cmd/diag,56
2026-05-13,cmd/gen-isolation-coverage,53
2026-05-13,cmd/gen-oracle-inventory,66
2026-05-13,cmd/gen-oracle-port-status,44
2026-05-13,cmd/gen-oracle-report,130
2026-05-13,cmd/gen-regress-coverage,172
2026-05-13,cmd/gen-sqlstate,171
2026-05-13,cmd/gen-tap-coverage,151
2026-05-13,cmd/goopg,1090
2026-05-13,cmd/plan-snapshot,486
2026-05-13,cmd/tpch-runner,251
2026-05-13,cmd/validate-ralph-state,439
2026-05-13,internal/access,4440
2026-05-13,internal/activity,374
2026-05-13,internal/aio,1661
2026-05-13,internal/analyzer,2115
2026-05-13,internal/auth,1670
2026-05-13,internal/autovacuum,170
2026-05-13,internal/catalog,3826
2026-05-13,internal/config,1399
2026-05-13,internal/control,368
2026-05-13,internal/executor,30792
2026-05-13,internal/initdb,5298
2026-05-13,internal/lockmgr,912
2026-05-13,internal/mvcc,1883
2026-05-13,internal/parser,11010
2026-05-13,internal/planner,16762
2026-05-13,internal/plpgsql,1290
2026-05-13,internal/protocol,940
2026-05-13,internal/server,8509
2026-05-13,internal/sqlstate,552
2026-05-13,internal/storage,5135
2026-05-13,internal/testport,5474
2026-05-13,internal/testutil,2499
2026-05-13,internal/vacuum,388
2026-05-13,internal/wal,12742
2026-05-20,TOTAL,183963
2026-05-20,.ralph,717
2026-05-20,bench/tpch,693
2026-05-20,cmd/diag,56
2026-05-20,cmd/gen-isolation-coverage,124
2026-05-20,cmd/gen-oracle-inventory,66
2026-05-20,cmd/gen-oracle-port-status,44
2026-05-20,cmd/gen-oracle-report,130
2026-05-20,cmd/gen-pg-operator-data,317
2026-05-20,cmd/gen-pg-proc-data,333
2026-05-20,cmd/gen-pg-type-data,290
2026-05-20,cmd/gen-regress-coverage,248
2026-05-20,cmd/gen-sqlstate,171
2026-05-20,cmd/gen-tap-coverage,217
2026-05-20,cmd/goopg,1383
2026-05-20,cmd/plan-snapshot,486
2026-05-20,cmd/tpch-runner,251
2026-05-20,cmd/validate-ralph-state,439
2026-05-20,internal/access,4457
2026-05-20,internal/activity,374
2026-05-20,internal/aio,1661
2026-05-20,internal/analyzer,2199
2026-05-20,internal/auth,1670
2026-05-20,internal/autovacuum,170
2026-05-20,internal/catalog,4641
2026-05-20,internal/config,1492
2026-05-20,internal/control,685
2026-05-20,internal/executor,39421
2026-05-20,internal/initdb,34238
2026-05-20,internal/lockmgr,912
2026-05-20,internal/mctx,466
2026-05-20,internal/mvcc,4220
2026-05-20,internal/parser,11690
2026-05-20,internal/planner,17435
2026-05-20,internal/plpgsql,1364
2026-05-20,internal/protocol,940
2026-05-20,internal/server,13037
2026-05-20,internal/sqlstate,552
2026-05-20,internal/storage,6151
2026-05-20,internal/testport,9107
2026-05-20,internal/testutil,3602
2026-05-20,internal/vacuum,388
2026-05-20,internal/wal,17126
2026-05-27,TOTAL,203662
2026-05-27,.ralph,717
2026-05-27,bench/tpch,693
2026-05-27,cmd/diag,56
2026-05-27,cmd/gen-isolation-coverage,124
2026-05-27,cmd/gen-oracle-inventory,66
2026-05-27,cmd/gen-oracle-port-status,44
2026-05-27,cmd/gen-oracle-report,130
2026-05-27,cmd/gen-pg-operator-data,317
2026-05-27,cmd/gen-pg-proc-data,333
2026-05-27,cmd/gen-pg-type-data,290
2026-05-27,cmd/gen-regress-coverage,248
2026-05-27,cmd/gen-sqlstate,171
2026-05-27,cmd/gen-tap-coverage,217
2026-05-27,cmd/goopg,1383
2026-05-27,cmd/plan-snapshot,486
2026-05-27,cmd/tpch-runner,251
2026-05-27,cmd/validate-ralph-state,439
2026-05-27,internal/access,4517
2026-05-27,internal/activity,847
2026-05-27,internal/aio,1662
2026-05-27,internal/analyzer,2353
2026-05-27,internal/auth,1670
2026-05-27,internal/autovacuum,170
2026-05-27,internal/catalog,4853
2026-05-27,internal/config,1625
2026-05-27,internal/control,685
2026-05-27,internal/executor,44047
2026-05-27,internal/initdb,34197
2026-05-27,internal/lockmgr,912
2026-05-27,internal/mctx,466
2026-05-27,internal/mvcc,4541
2026-05-27,internal/parser,13305
2026-05-27,internal/planner,18859
2026-05-27,internal/plpgsql,1364
2026-05-27,internal/protocol,940
2026-05-27,internal/runtimeshim,310
2026-05-27,internal/server,14604
2026-05-27,internal/sqlstate,552
2026-05-27,internal/stats,167
2026-05-27,internal/storage,7282
2026-05-27,internal/testport,9863
2026-05-27,internal/testutil,3621
2026-05-27,internal/vacuum,388
2026-05-27,internal/wal,23897
2026-06-03,TOTAL,222446
2026-06-03,.ralph,717
2026-06-03,bench/tpch,693
2026-06-03,cmd/diag,56
2026-06-03,cmd/gen-isolation-coverage,124
2026-06-03,cmd/gen-oracle-inventory,66
2026-06-03,cmd/gen-oracle-port-status,44
2026-06-03,cmd/gen-oracle-report,130
2026-06-03,cmd/gen-pg-operator-data,317
2026-06-03,cmd/gen-pg-proc-data,333
2026-06-03,cmd/gen-pg-type-data,290
2026-06-03,cmd/gen-regress-coverage,248
2026-06-03,cmd/gen-sqlstate,171
2026-06-03,cmd/gen-tap-coverage,217
2026-06-03,cmd/goopg,1383
2026-06-03,cmd/plan-snapshot,486
2026-06-03,cmd/tpch-runner,251
2026-06-03,cmd/validate-ralph-state,447
2026-06-03,internal/access,4517
2026-06-03,internal/activity,847
2026-06-03,internal/aio,1662
2026-06-03,internal/analyzer,2570
2026-06-03,internal/auth,1670
2026-06-03,internal/autovacuum,170
2026-06-03,internal/catalog,6014
2026-06-03,internal/config,1695
2026-06-03,internal/control,685
2026-06-03,internal/executor,54987
2026-06-03,internal/initdb,34390
2026-06-03,internal/lockmgr,912
2026-06-03,internal/mctx,466
2026-06-03,internal/mvcc,4545
2026-06-03,internal/parser,15681
2026-06-03,internal/planner,21594
2026-06-03,internal/plpgsql,1479
2026-06-03,internal/protocol,940
2026-06-03,internal/runtimeshim,310
2026-06-03,internal/server,14889
2026-06-03,internal/sqlstate,552
2026-06-03,internal/stats,167
2026-06-03,internal/storage,7282
2026-06-03,internal/testport,10543
2026-06-03,internal/testutil,3621
2026-06-03,internal/vacuum,388
2026-06-03,internal/wal,23897
2026-06-10,TOTAL,234694
2026-06-10,.ralph,717
2026-06-10,bench/tpch,693
2026-06-10,cmd/diag,56
2026-06-10,cmd/gen-isolation-coverage,124
2026-06-10,cmd/gen-oracle-inventory,66
2026-06-10,cmd/gen-oracle-port-status,44
2026-06-10,cmd/gen-oracle-report,130
2026-06-10,cmd/gen-pg-operator-data,317
2026-06-10,cmd/gen-pg-proc-data,333
2026-06-10,cmd/gen-pg-type-data,290
2026-06-10,cmd/gen-regress-coverage,248
2026-06-10,cmd/gen-sqlstate,171
2026-06-10,cmd/gen-tap-coverage,217
2026-06-10,cmd/goopg,1383
2026-06-10,cmd/parsetest,20
2026-06-10,cmd/plan-snapshot,486
2026-06-10,cmd/tpch-runner,251
2026-06-10,cmd/validate-ralph-state,447
2026-06-10,internal/access,4517
2026-06-10,internal/activity,847
2026-06-10,internal/aio,1662
2026-06-10,internal/analyzer,2766
2026-06-10,internal/auth,1670
2026-06-10,internal/autovacuum,170
2026-06-10,internal/catalog,7324
2026-06-10,internal/config,1800
2026-06-10,internal/control,685
2026-06-10,internal/executor,61941
2026-06-10,internal/initdb,34584
2026-06-10,internal/lockmgr,910
2026-06-10,internal/mctx,466
2026-06-10,internal/mvcc,4722
2026-06-10,internal/parser,16971
2026-06-10,internal/planner,22685
2026-06-10,internal/plpgsql,1510
2026-06-10,internal/protocol,940
2026-06-10,internal/runtimeshim,310
2026-06-10,internal/server,15192
2026-06-10,internal/sqlstate,552
2026-06-10,internal/stats,167
2026-06-10,internal/storage,7282
2026-06-10,internal/testport,10562
2026-06-10,internal/testutil,4181
2026-06-10,internal/vacuum,388
2026-06-10,internal/wal,23897
2026-06-17,TOTAL,262371
2026-06-17,.ralph,717
2026-06-17,bench/tpch,693
2026-06-17,cmd/diag,56
2026-06-17,cmd/gen-isolation-coverage,124
2026-06-17,cmd/gen-oracle-inventory,66
2026-06-17,cmd/gen-oracle-port-status,44
2026-06-17,cmd/gen-oracle-report,130
2026-06-17,cmd/gen-pg-operator-data,317
2026-06-17,cmd/gen-pg-proc-data,333
2026-06-17,cmd/gen-pg-type-data,290
2026-06-17,cmd/gen-regress-coverage,248
2026-06-17,cmd/gen-sqlstate,171
2026-06-17,cmd/gen-tap-coverage,217
2026-06-17,cmd/goopg,1719
2026-06-17,cmd/parsetest,20
2026-06-17,cmd/plan-snapshot,486
2026-06-17,cmd/tpch-runner,251
2026-06-17,cmd/validate-ralph-state,542
2026-06-17,internal/access,4882
2026-06-17,internal/activity,871
2026-06-17,internal/aio,1662
2026-06-17,internal/amcheck,4040
2026-06-17,internal/analyzer,2857
2026-06-17,internal/auth,1673
2026-06-17,internal/autovacuum,170
2026-06-17,internal/catalog,9974
2026-06-17,internal/config,1887
2026-06-17,internal/control,697
2026-06-17,internal/executor,68419
2026-06-17,internal/initdb,37518
2026-06-17,internal/lockmgr,910
2026-06-17,internal/mctx,466
2026-06-17,internal/mvcc,6938
2026-06-17,internal/parser,18710
2026-06-17,internal/planner,23281
2026-06-17,internal/plpgsql,1510
2026-06-17,internal/protocol,940
2026-06-17,internal/runtimeshim,310
2026-06-17,internal/server,16006
2026-06-17,internal/sqlstate,552
2026-06-17,internal/stats,167
2026-06-17,internal/storage,7691
2026-06-17,internal/testport,15052
2026-06-17,internal/testutil,4185
2026-06-17,internal/vacuum,388
2026-06-17,internal/wal,24191
2026-06-24,TOTAL,283375
2026-06-24,.ralph,717
2026-06-24,bench/tpch,693
2026-06-24,cmd/diag,56
2026-06-24,cmd/gen-isolation-coverage,124
2026-06-24,cmd/gen-oracle-inventory,150
2026-06-24,cmd/gen-oracle-port-status,44
2026-06-24,cmd/gen-oracle-report,130
2026-06-24,cmd/gen-pg-operator-data,317
2026-06-24,cmd/gen-pg-proc-data,333
2026-06-24,cmd/gen-pg-type-data,290
2026-06-24,cmd/gen-regress-coverage,248
2026-06-24,cmd/gen-sqlstate,171
2026-06-24,cmd/gen-tap-coverage,217
2026-06-24,cmd/goopg,1730
2026-06-24,cmd/parsetest,20
2026-06-24,cmd/plan-snapshot,486
2026-06-24,cmd/tpch-runner,251
2026-06-24,cmd/validate-ralph-state,542
2026-06-24,internal/access,4882
2026-06-24,internal/activity,882
2026-06-24,internal/aio,1662
2026-06-24,internal/amcheck,4040
2026-06-24,internal/analyzer,2857
2026-06-24,internal/auth,1673
2026-06-24,internal/autovacuum,172
2026-06-24,internal/catalog,11060
2026-06-24,internal/config,2017
2026-06-24,internal/control,697
2026-06-24,internal/executor,78769
2026-06-24,internal/initdb,37601
2026-06-24,internal/lockmgr,1487
2026-06-24,internal/lockwait,24
2026-06-24,internal/mctx,466
2026-06-24,internal/multixact,969
2026-06-24,internal/mvcc,8073
2026-06-24,internal/parser,20365
2026-06-24,internal/planner,23669
2026-06-24,internal/plpgsql,1701
2026-06-24,internal/protocol,950
2026-06-24,internal/runtimeshim,310
2026-06-24,internal/server,16815
2026-06-24,internal/sqlstate,552
2026-06-24,internal/stats,167
2026-06-24,internal/storage,8090
2026-06-24,internal/testport,18085
2026-06-24,internal/testutil,4185
2026-06-24,internal/vacuum,378
2026-06-24,internal/wal,24258
2026-07-01,TOTAL,318065
2026-07-01,.ralph,717
2026-07-01,bench/tpch,693
2026-07-01,cmd/diag,56
2026-07-01,cmd/gen-isolation-coverage,124
2026-07-01,cmd/gen-oracle-inventory,150
2026-07-01,cmd/gen-oracle-port-status,44
2026-07-01,cmd/gen-oracle-report,130
2026-07-01,cmd/gen-pg-operator-data,317
2026-07-01,cmd/gen-pg-proc-data,379
2026-07-01,cmd/gen-pg-type-data,290
2026-07-01,cmd/gen-regress-coverage,248
2026-07-01,cmd/gen-sqlstate,171
2026-07-01,cmd/gen-tap-coverage,217
2026-07-01,cmd/goopg,1762
2026-07-01,cmd/parsetest,20
2026-07-01,cmd/plan-snapshot,486
2026-07-01,cmd/tpch-runner,251
2026-07-01,cmd/validate-ralph-state,542
2026-07-01,internal/access,4884
2026-07-01,internal/activity,882
2026-07-01,internal/aio,1662
2026-07-01,internal/amcheck,4040
2026-07-01,internal/analyzer,2874
2026-07-01,internal/auth,1673
2026-07-01,internal/autovacuum,172
2026-07-01,internal/catalog,23186
2026-07-01,internal/config,2093
2026-07-01,internal/control,697
2026-07-01,internal/executor,89995
2026-07-01,internal/initdb,38963
2026-07-01,internal/lockmgr,1487
2026-07-01,internal/lockwait,24
2026-07-01,internal/mctx,466
2026-07-01,internal/multixact,969
2026-07-01,internal/mvcc,8110
2026-07-01,internal/parser,25267
2026-07-01,internal/planner,23873
2026-07-01,internal/plpgsql,1778
2026-07-01,internal/protocol,950
2026-07-01,internal/runtimeshim,310
2026-07-01,internal/server,17638
2026-07-01,internal/sqlkeywords,200
2026-07-01,internal/sqlstate,552
2026-07-01,internal/stats,167
2026-07-01,internal/storage,8119
2026-07-01,internal/testport,20375
2026-07-01,internal/testutil,4185
2026-07-01,internal/vacuum,382
2026-07-01,internal/wal,25495
2026-07-08,TOTAL,370184
2026-07-08,.ralph,717
2026-07-08,bench/tpch,693
2026-07-08,cmd/diag,56
2026-07-08,cmd/gen-isolation-coverage,124
2026-07-08,cmd/gen-oracle-inventory,150
2026-07-08,cmd/gen-oracle-port-status,44
2026-07-08,cmd/gen-oracle-report,130
2026-07-08,cmd/gen-pg-operator-data,317
2026-07-08,cmd/gen-pg-proc-data,379
2026-07-08,cmd/gen-pg-type-data,290
2026-07-08,cmd/gen-regress-coverage,248
2026-07-08,cmd/gen-sqlstate,171
2026-07-08,cmd/gen-tap-coverage,217
2026-07-08,cmd/goopg,1964
2026-07-08,cmd/parsetest,20
2026-07-08,cmd/plan-snapshot,486
2026-07-08,cmd/tpch-runner,243
2026-07-08,cmd/validate-ralph-state,542
2026-07-08,internal/access,5618
2026-07-08,internal/activity,1082
2026-07-08,internal/aio,1771
2026-07-08,internal/amcheck,4433
2026-07-08,internal/analyzer,3507
2026-07-08,internal/auth,2710
2026-07-08,internal/autovacuum,223
2026-07-08,internal/catalog,28617
2026-07-08,internal/config,2540
2026-07-08,internal/control,697
2026-07-08,internal/executor,106560
2026-07-08,internal/initdb,44320
2026-07-08,internal/lockmgr,1487
2026-07-08,internal/lockwait,24
2026-07-08,internal/mctx,466
2026-07-08,internal/multixact,969
2026-07-08,internal/mvcc,8261
2026-07-08,internal/parser,30251
2026-07-08,internal/planner,25433
2026-07-08,internal/plpgsql,1778
2026-07-08,internal/protocol,950
2026-07-08,internal/runtimeshim,310
2026-07-08,internal/server,22085
2026-07-08,internal/sqlkeywords,200
2026-07-08,internal/sqlstate,552
2026-07-08,internal/stats,167
2026-07-08,internal/storage,9494
2026-07-08,internal/testport,21523
2026-07-08,internal/testutil,4200
2026-07-08,internal/vacuum,472
2026-07-08,internal/wal,32693
2026-07-15,TOTAL,391035
2026-07-15,.ralph,717
2026-07-15,bench/tpch,693
2026-07-15,cmd/diag,56
2026-07-15,cmd/gen-isolation-coverage,124
2026-07-15,cmd/gen-oracle-inventory,150
2026-07-15,cmd/gen-oracle-port-status,44
2026-07-15,cmd/gen-oracle-report,130
2026-07-15,cmd/gen-pg-operator-data,317
2026-07-15,cmd/gen-pg-proc-data,379
2026-07-15,cmd/gen-pg-type-data,290
2026-07-15,cmd/gen-regress-coverage,248
2026-07-15,cmd/gen-sqlstate,171
2026-07-15,cmd/gen-tap-coverage,217
2026-07-15,cmd/goopg,1976
2026-07-15,cmd/parsetest,20
2026-07-15,cmd/plan-snapshot,486
2026-07-15,cmd/tpch-runner,243
2026-07-15,cmd/validate-ralph-state,542
2026-07-15,internal/access,6541
2026-07-15,internal/activity,1084
2026-07-15,internal/aio,1771
2026-07-15,internal/amcheck,4409
2026-07-15,internal/analyzer,3582
2026-07-15,internal/auth,2789
2026-07-15,internal/autovacuum,248
2026-07-15,internal/catalog,31337
2026-07-15,internal/config,3009
2026-07-15,internal/control,697
2026-07-15,internal/executor,114801
2026-07-15,internal/gls,121
2026-07-15,internal/initdb,45475
2026-07-15,internal/lockmgr,1488
2026-07-15,internal/lockwait,24
2026-07-15,internal/mctx,466
2026-07-15,internal/multixact,969
2026-07-15,internal/mvcc,8572
2026-07-15,internal/parser,31750
2026-07-15,internal/pglz,277
2026-07-15,internal/planner,25700
2026-07-15,internal/plpgsql,1778
2026-07-15,internal/protocol,950
2026-07-15,internal/runtimeshim,310
2026-07-15,internal/server,23982
2026-07-15,internal/sqlkeywords,200
2026-07-15,internal/sqlstate,552
2026-07-15,internal/stats,167
2026-07-15,internal/storage,10165
2026-07-15,internal/testport,21614
2026-07-15,internal/testutil,4207
2026-07-15,internal/vacuum,422
2026-07-15,internal/wal,34775
2026-07-22,TOTAL,413907
2026-07-22,.ralph,717
2026-07-22,bench/tpch,693
2026-07-22,cmd/diag,56
2026-07-22,cmd/gen-isolation-coverage,124
2026-07-22,cmd/gen-oracle-inventory,150
2026-07-22,cmd/gen-oracle-port-status,44
2026-07-22,cmd/gen-oracle-report,130
2026-07-22,cmd/gen-pg-operator-data,317
2026-07-22,cmd/gen-pg-proc-data,390
2026-07-22,cmd/gen-pg-type-data,290
2026-07-22,cmd/gen-regress-coverage,248
2026-07-22,cmd/gen-sqlstate,171
2026-07-22,cmd/gen-tap-coverage,217
2026-07-22,cmd/goopg,1979
2026-07-22,cmd/parsetest,20
2026-07-22,cmd/plan-snapshot,486
2026-07-22,cmd/tpch-runner,256
2026-07-22,cmd/validate-ralph-state,542
2026-07-22,internal/access,6529
2026-07-22,internal/activity,1084
2026-07-22,internal/aio,1771
2026-07-22,internal/amcheck,4409
2026-07-22,internal/analyzer,3582
2026-07-22,internal/auth,2789
2026-07-22,internal/autovacuum,248
2026-07-22,internal/catalog,36300
2026-07-22,internal/config,3185
2026-07-22,internal/control,697
2026-07-22,internal/executor,126194
2026-07-22,internal/gls,121
2026-07-22,internal/initdb,40908
2026-07-22,internal/lockmgr,1488
2026-07-22,internal/lockwait,24
2026-07-22,internal/mctx,547
2026-07-22,internal/multixact,969
2026-07-22,internal/mvcc,8572
2026-07-22,internal/parser,31750
2026-07-22,internal/pglz,277
2026-07-22,internal/pgnodes,7345
2026-07-22,internal/planner,33012
2026-07-22,internal/plpgsql,1778
2026-07-22,internal/protocol,950
2026-07-22,internal/runtimeshim,310
2026-07-22,internal/server,24690
2026-07-22,internal/sqlkeywords,200
2026-07-22,internal/sqlstate,552
2026-07-22,internal/stats,167
2026-07-22,internal/storage,10213
2026-07-22,internal/testport,23746
2026-07-22,internal/testutil,4207
2026-07-22,internal/vacuum,422
2026-07-22,internal/wal,28041
2026-07-29,TOTAL,421180
2026-07-29,.ralph,717
2026-07-29,bench/tpch,693
2026-07-29,cmd/diag,56
2026-07-29,cmd/gen-isolation-coverage,124
2026-07-29,cmd/gen-oracle-inventory,150
2026-07-29,cmd/gen-oracle-port-status,44
2026-07-29,cmd/gen-oracle-report,130
2026-07-29,cmd/gen-pg-operator-data,317
2026-07-29,cmd/gen-pg-proc-data,390
2026-07-29,cmd/gen-pg-type-data,290
2026-07-29,cmd/gen-regress-coverage,248
2026-07-29,cmd/gen-sqlstate,171
2026-07-29,cmd/gen-tap-coverage,217
2026-07-29,cmd/goopg,1981
2026-07-29,cmd/parsetest,20
2026-07-29,cmd/plan-snapshot,486
2026-07-29,cmd/tpch-runner,256
2026-07-29,cmd/validate-ralph-state,542
2026-07-29,internal/access,6529
2026-07-29,internal/activity,1112
2026-07-29,internal/aio,1771
2026-07-29,internal/amcheck,4409
2026-07-29,internal/analyzer,3610
2026-07-29,internal/auth,2789
2026-07-29,internal/autovacuum,248
2026-07-29,internal/catalog,36323
2026-07-29,internal/config,3190
2026-07-29,internal/control,697
2026-07-29,internal/executor,128551
2026-07-29,internal/gls,121
2026-07-29,internal/initdb,41002
2026-07-29,internal/lockmgr,1488
2026-07-29,internal/lockwait,24
2026-07-29,internal/mctx,547
2026-07-29,internal/multixact,969
2026-07-29,internal/mvcc,8603
2026-07-29,internal/parser,32397
2026-07-29,internal/pglz,277
2026-07-29,internal/pgnodes,7346
2026-07-29,internal/planner,35988
2026-07-29,internal/plpgsql,1778
2026-07-29,internal/protocol,950
2026-07-29,internal/runtimeshim,310
2026-07-29,internal/server,24698
2026-07-29,internal/sqlkeywords,200
2026-07-29,internal/sqlstate,552
2026-07-29,internal/stats,167
2026-07-29,internal/storage,10220
2026-07-29,internal/testport,23953
2026-07-29,internal/testutil,4581
2026-07-29,internal/vacuum,422
2026-07-29,internal/wal,28526
2026-08-05,TOTAL,449083
2026-08-05,.ralph,717
2026-08-05,bench/tpch,693
2026-08-05,cmd/diag,56
2026-08-05,cmd/estimate-audit,296
2026-08-05,cmd/gen-isolation-coverage,124
2026-08-05,cmd/gen-oracle-inventory,150
2026-08-05,cmd/gen-oracle-port-status,44
2026-08-05,cmd/gen-oracle-report,130
2026-08-05,cmd/gen-pg-operator-data,317
2026-08-05,cmd/gen-pg-proc-data,390
2026-08-05,cmd/gen-pg-type-data,290
2026-08-05,cmd/gen-regress-coverage,248
2026-08-05,cmd/gen-sqlstate,171
2026-08-05,cmd/gen-tap-coverage,217
2026-08-05,cmd/goopg,1981
2026-08-05,cmd/parsetest,20
2026-08-05,cmd/plan-snapshot,486
2026-08-05,cmd/tpch-runner,256
2026-08-05,cmd/validate-ralph-state,542
2026-08-05,internal/access,6529
2026-08-05,internal/activity,1112
2026-08-05,internal/aio,1771
2026-08-05,internal/amcheck,4409
2026-08-05,internal/analyzer,3610
2026-08-05,internal/auth,2789
2026-08-05,internal/autovacuum,248
2026-08-05,internal/catalog,36370
2026-08-05,internal/config,3190
2026-08-05,internal/control,697
2026-08-05,internal/estimateaudit,1069
2026-08-05,internal/executor,136827
2026-08-05,internal/gls,121
2026-08-05,internal/hashsize,287
2026-08-05,internal/initdb,41068
2026-08-05,internal/lockmgr,1488
2026-08-05,internal/lockwait,24
2026-08-05,internal/mctx,547
2026-08-05,internal/multixact,969
2026-08-05,internal/mvcc,8603
2026-08-05,internal/parser,32401
2026-08-05,internal/pgdatetime,193
2026-08-05,internal/pglz,277
2026-08-05,internal/pgnodes,7346
2026-08-05,internal/pgtemp,122
2026-08-05,internal/planner,53270
2026-08-05,internal/plpgsql,1778
2026-08-05,internal/protocol,950
2026-08-05,internal/runtimeshim,310
2026-08-05,internal/server,24959
2026-08-05,internal/sqlkeywords,200
2026-08-05,internal/sqlstate,552
2026-08-05,internal/stats,167
2026-08-05,internal/storage,10220
2026-08-05,internal/testport,23953
2026-08-05,internal/testutil,4581
2026-08-05,internal/vacuum,422
2026-08-05,internal/wal,28526
