# old_path	new_path
internal/planner/agg_state_sharing_test.go	internal/optimizer/agg_state_sharing_test.go
internal/planner/aggregate_alias_collapse_test.go	internal/optimizer/aggregate_alias_collapse_test.go
internal/planner/cardinality.go	internal/optimizer/cardinality.go
internal/planner/cardinality_baserel_test.go	internal/optimizer/cardinality_baserel_test.go
internal/planner/cardinality_fullindexscan_test.go	internal/optimizer/cardinality_fullindexscan_test.go
internal/planner/cardinality_groupunique_test.go	internal/optimizer/cardinality_groupunique_test.go
internal/planner/cardinality_joinrel_test.go	internal/optimizer/cardinality_joinrel_test.go
internal/planner/cardinality_numgroups_test.go	internal/optimizer/cardinality_numgroups_test.go
internal/planner/cardinality_propagation_test.go	internal/optimizer/cardinality_propagation_test.go
internal/planner/cardinality_pusheddown_test.go	internal/optimizer/cardinality_pusheddown_test.go
internal/planner/cardinality_semimcv_test.go	internal/optimizer/cardinality_semimcv_test.go
internal/planner/collapse.go	internal/optimizer/collapse.go
internal/planner/collapse_corpus_test.go	internal/optimizer/collapse_corpus_test.go
internal/planner/collapse_test.go	internal/optimizer/collapse_test.go
internal/planner/composite_exists_unnest_test.go	internal/optimizer/composite_exists_unnest_test.go
internal/planner/composite_index_test.go	internal/optimizer/composite_index_test.go
internal/planner/copy.go	internal/optimizer/copy.go
internal/planner/copy_test.go	internal/optimizer/copy_test.go
internal/planner/correlated_in_unnest_test.go	internal/optimizer/correlated_in_unnest_test.go
internal/planner/cost_funcs.go	internal/optimizer/cost_funcs.go
internal/planner/cost_funcs_test.go	internal/optimizer/cost_funcs_test.go
internal/planner/cost_sort_external_test.go	internal/optimizer/cost_sort_external_test.go
internal/planner/costbitmap.go	internal/optimizer/costbitmap.go
internal/planner/costbitmap_test.go	internal/optimizer/costbitmap_test.go
internal/planner/costindex.go	internal/optimizer/costindex.go
internal/planner/costindex_test.go	internal/optimizer/costindex_test.go
internal/planner/createplan.go	internal/optimizer/createplan.go
internal/planner/createplan_test.go	internal/optimizer/createplan_test.go
internal/planner/createplanbitmap.go	internal/optimizer/createplanbitmap.go
internal/planner/createplanindex.go	internal/optimizer/createplanindex.go
internal/planner/createplanindex_test.go	internal/optimizer/createplanindex_test.go
internal/planner/createplanjoin.go	internal/optimizer/createplanjoin.go
internal/planner/createplanjoin_test.go	internal/optimizer/createplanjoin_test.go
internal/planner/createplannl.go	internal/optimizer/createplannl.go
internal/planner/createplannl_test.go	internal/optimizer/createplannl_test.go
internal/planner/createplanroot.go	internal/optimizer/createplanroot.go
internal/planner/createplanroot_test.go	internal/optimizer/createplanroot_test.go
internal/planner/createplansimple.go	internal/optimizer/createplansimple.go
internal/planner/createplansimple_test.go	internal/optimizer/createplansimple_test.go
internal/planner/cte_inline_pushdown.go	internal/optimizer/cte_inline_pushdown.go
internal/planner/cte_inline_pushdown_test.go	internal/optimizer/cte_inline_pushdown_test.go
internal/planner/enclosingtree.go	internal/optimizer/enclosingtree.go
internal/planner/enclosingtree_test.go	internal/optimizer/enclosingtree_test.go
internal/planner/equiv_class.go	internal/optimizer/equiv_class.go
internal/planner/equiv_class_anchored_test.go	internal/optimizer/equiv_class_anchored_test.go
internal/planner/equiv_class_test.go	internal/optimizer/equiv_class_test.go
internal/planner/exists_to_any.go	internal/optimizer/exists_to_any.go
internal/planner/exists_to_any_test.go	internal/optimizer/exists_to_any_test.go
internal/planner/exists_unnest_test.go	internal/optimizer/exists_unnest_test.go
internal/planner/expr_identity_test.go	internal/optimizer/expr_identity_test.go
internal/planner/expr_result_type.go	internal/optimizer/expr_result_type.go
internal/planner/expr_result_type_test.go	internal/optimizer/expr_result_type_test.go
internal/planner/expr_side_arms_test.go	internal/optimizer/expr_side_arms_test.go
internal/planner/exprkey.go	internal/optimizer/exprkey.go
internal/planner/exprkey_test.go	internal/optimizer/exprkey_test.go
internal/planner/exprwalk.go	internal/optimizer/exprwalk.go
internal/planner/exprwalk_exhaustive_test.go	internal/optimizer/exprwalk_exhaustive_test.go
internal/planner/exprwalk_inventory_test.go	internal/optimizer/exprwalk_inventory_test.go
internal/planner/flaglabels.go	internal/optimizer/flaglabels.go
internal/planner/flaglabels_test.go	internal/optimizer/flaglabels_test.go
internal/planner/foldconst.go	internal/optimizer/foldconst.go
internal/planner/foldconst_test.go	internal/optimizer/foldconst_test.go
internal/planner/functional_deps_test.go	internal/optimizer/functional_deps_test.go
internal/planner/groupagg_hashagg.go	internal/optimizer/groupagg_hashagg.go
internal/planner/groupagg_hashagg_test.go	internal/optimizer/groupagg_hashagg_test.go
internal/planner/groupagg_presorted.go	internal/optimizer/groupagg_presorted.go
internal/planner/groupagg_presorted_test.go	internal/optimizer/groupagg_presorted_test.go
internal/planner/groupby_alias_collapse_test.go	internal/optimizer/groupby_alias_collapse_test.go
internal/planner/groupby_alias_key.go	internal/optimizer/groupby_alias_key.go
internal/planner/groupingsets.go	internal/optimizer/groupingsets.go
internal/planner/in_list_test.go	internal/optimizer/in_list_test.go
internal/planner/index_scan_new_types_test.go	internal/optimizer/index_scan_new_types_test.go
internal/planner/inner_join_qual_pushdown.go	internal/optimizer/inner_join_qual_pushdown.go
internal/planner/inner_join_qual_pushdown_test.go	internal/optimizer/inner_join_qual_pushdown_test.go
internal/planner/join_exec_keys.go	internal/optimizer/join_exec_keys.go
internal/planner/join_exec_keys_merge_test.go	internal/optimizer/join_exec_keys_merge_test.go
internal/planner/join_hash_keys.go	internal/optimizer/join_hash_keys.go
internal/planner/join_hash_keys_test.go	internal/optimizer/join_hash_keys_test.go
internal/planner/join_hashkey.go	internal/optimizer/join_hashkey.go
internal/planner/join_hashkey_test.go	internal/optimizer/join_hashkey_test.go
internal/planner/joincost.go	internal/optimizer/joincost.go
internal/planner/joincost_test.go	internal/optimizer/joincost_test.go
internal/planner/joinkeyproof.go	internal/optimizer/joinkeyproof.go
internal/planner/joinkeyproof_test.go	internal/optimizer/joinkeyproof_test.go
internal/planner/joinlayout.go	internal/optimizer/joinlayout.go
internal/planner/joinorder.go	internal/optimizer/joinorder.go
internal/planner/joinorder_connectivity_test.go	internal/optimizer/joinorder_connectivity_test.go
internal/planner/joinorder_determinism_test.go	internal/optimizer/joinorder_determinism_test.go
internal/planner/joinorder_relsize_test.go	internal/optimizer/joinorder_relsize_test.go
internal/planner/joinorder_test.go	internal/optimizer/joinorder_test.go
internal/planner/joinpaths.go	internal/optimizer/joinpaths.go
internal/planner/joinpaths_test.go	internal/optimizer/joinpaths_test.go
internal/planner/joinpathsmemoize.go	internal/optimizer/joinpathsmemoize.go
internal/planner/joinpathsmemoize_test.go	internal/optimizer/joinpathsmemoize_test.go
internal/planner/joinpathsmerge.go	internal/optimizer/joinpathsmerge.go
internal/planner/joinpathsmerge_test.go	internal/optimizer/joinpathsmerge_test.go
internal/planner/joinpathsmergeouter.go	internal/optimizer/joinpathsmergeouter.go
internal/planner/joinpathsmergeouter_test.go	internal/optimizer/joinpathsmergeouter_test.go
internal/planner/joinpathsnli.go	internal/optimizer/joinpathsnli.go
internal/planner/joinpathsnli_test.go	internal/optimizer/joinpathsnli_test.go
internal/planner/joinrelsize.go	internal/optimizer/joinrelsize.go
internal/planner/joinrelsize_test.go	internal/optimizer/joinrelsize_test.go
internal/planner/joinrestrict.go	internal/optimizer/joinrestrict.go
internal/planner/joinrestrict_test.go	internal/optimizer/joinrestrict_test.go
internal/planner/joinsearch.go	internal/optimizer/joinsearch.go
internal/planner/joinsearch_test.go	internal/optimizer/joinsearch_test.go
internal/planner/joinsearchboundary_test.go	internal/optimizer/joinsearchboundary_test.go
internal/planner/joinsearchlevel.go	internal/optimizer/joinsearchlevel.go
internal/planner/joinsearchlevel_test.go	internal/optimizer/joinsearchlevel_test.go
internal/planner/joinsearchnlicost_test.go	internal/optimizer/joinsearchnlicost_test.go
internal/planner/joinsearchseam.go	internal/optimizer/joinsearchseam.go
internal/planner/joinsearchseam_test.go	internal/optimizer/joinsearchseam_test.go
internal/planner/joinsearchspine_test.go	internal/optimizer/joinsearchspine_test.go
internal/planner/joinsearchtrace.go	internal/optimizer/joinsearchtrace.go
internal/planner/joinsearchtrace_test.go	internal/optimizer/joinsearchtrace_test.go
internal/planner/joinsearchunnest_test.go	internal/optimizer/joinsearchunnest_test.go
internal/planner/joinsearchunnestgroupkey_test.go	internal/optimizer/joinsearchunnestgroupkey_test.go
internal/planner/joinselectivity.go	internal/optimizer/joinselectivity.go
internal/planner/joinselectivity_test.go	internal/optimizer/joinselectivity_test.go
internal/planner/left_join_inner_only_leaflocal_test.go	internal/optimizer/left_join_inner_only_leaflocal_test.go
internal/planner/legacyarm_test.go	internal/optimizer/legacyarm_test.go
internal/planner/likeprefix.go	internal/optimizer/likeprefix.go
internal/planner/likeprefix_test.go	internal/optimizer/likeprefix_test.go
internal/planner/local_filter_arms_test.go	internal/optimizer/local_filter_arms_test.go
internal/planner/local_filters.go	internal/optimizer/local_filters.go
internal/planner/local_filters_test.go	internal/optimizer/local_filters_test.go
internal/planner/locking_test.go	internal/optimizer/locking_test.go
internal/planner/memoize.go	internal/optimizer/memoize.go
internal/planner/memoize_test.go	internal/optimizer/memoize_test.go
internal/planner/minmax_rewrite_test.go	internal/optimizer/minmax_rewrite_test.go
internal/planner/missing_rte_test.go	internal/optimizer/missing_rte_test.go
internal/planner/multikey_hash_join_test.go	internal/optimizer/multikey_hash_join_test.go
internal/planner/nestloop_ntuples_test.go	internal/optimizer/nestloop_ntuples_test.go
internal/planner/nl_index_join.go	internal/optimizer/nl_index_join.go
internal/planner/nl_index_join_residual_test.go	internal/optimizer/nl_index_join_residual_test.go
internal/planner/nl_index_join_selectivity.go	internal/optimizer/nl_index_join_selectivity.go
internal/planner/nl_index_join_selectivity_test.go	internal/optimizer/nl_index_join_selectivity_test.go
internal/planner/nl_index_join_test.go	internal/optimizer/nl_index_join_test.go
internal/planner/nli_cost_gate_test.go	internal/optimizer/nli_cost_gate_test.go
internal/planner/nli_inner_unwrap_test.go	internal/optimizer/nli_inner_unwrap_test.go
internal/planner/nli_left_residual_leak_test.go	internal/optimizer/nli_left_residual_leak_test.go
internal/planner/nli_shift_arms_test.go	internal/optimizer/nli_shift_arms_test.go
internal/planner/non_correlated_subquery_test.go	internal/optimizer/non_correlated_subquery_test.go
internal/planner/nonconst_rhs_test.go	internal/optimizer/nonconst_rhs_test.go
internal/planner/not_in_unnest_test.go	internal/optimizer/not_in_unnest_test.go
internal/planner/or_of_ands_test.go	internal/optimizer/or_of_ands_test.go
internal/planner/ordered_indexonlyscan_test.go	internal/optimizer/ordered_indexonlyscan_test.go
internal/planner/parallel.go	internal/optimizer/parallel.go
internal/planner/parallel_agg.go	internal/optimizer/parallel_agg.go
internal/planner/parallel_agg_cost_test.go	internal/optimizer/parallel_agg_cost_test.go
internal/planner/parallel_merge_test.go	internal/optimizer/parallel_merge_test.go
internal/planner/parallel_test.go	internal/optimizer/parallel_test.go
internal/planner/partial_index_predicate_test.go	internal/optimizer/partial_index_predicate_test.go
internal/planner/path.go	internal/optimizer/path.go
internal/planner/path_test.go	internal/optimizer/path_test.go
internal/planner/pathbitmap.go	internal/optimizer/pathbitmap.go
internal/planner/pathbitmap_test.go	internal/optimizer/pathbitmap_test.go
internal/planner/pathgen.go	internal/optimizer/pathgen.go
internal/planner/pathgen_test.go	internal/optimizer/pathgen_test.go
internal/planner/pathindexcarrier.go	internal/optimizer/pathindexcarrier.go
internal/planner/pathindexcarrier_test.go	internal/optimizer/pathindexcarrier_test.go
internal/planner/pathindexclauses.go	internal/optimizer/pathindexclauses.go
internal/planner/pathindexclauses_test.go	internal/optimizer/pathindexclauses_test.go
internal/planner/pathindexordered.go	internal/optimizer/pathindexordered.go
internal/planner/pathindexordered_test.go	internal/optimizer/pathindexordered_test.go
internal/planner/pathkeys.go	internal/optimizer/pathkeys.go
internal/planner/pathkeys_test.go	internal/optimizer/pathkeys_test.go
internal/planner/pathkeysindex.go	internal/optimizer/pathkeysindex.go
internal/planner/pathkeysindex_test.go	internal/optimizer/pathkeysindex_test.go
internal/planner/pathparam.go	internal/optimizer/pathparam.go
internal/planner/pathparam_test.go	internal/optimizer/pathparam_test.go
internal/planner/pathparamindex.go	internal/optimizer/pathparamindex.go
internal/planner/pathparamindex_test.go	internal/optimizer/pathparamindex_test.go
internal/planner/pg_collation_for_test.go	internal/optimizer/pg_collation_for_test.go
internal/planner/pg_options_correlated_test.go	internal/optimizer/pg_options_correlated_test.go
internal/planner/pg_typeof_test.go	internal/optimizer/pg_typeof_test.go
internal/planner/plan.go	internal/optimizer/plan.go
internal/planner/planner.go	internal/optimizer/planner.go
internal/planner/planner_test.go	internal/optimizer/planner_test.go
internal/planner/predp.go	internal/optimizer/predp.go
internal/planner/predp_test.go	internal/optimizer/predp_test.go
internal/planner/pushdown.go	internal/optimizer/pushdown.go
internal/planner/q16_unnest_test.go	internal/optimizer/q16_unnest_test.go
internal/planner/q19_live_test.go	internal/optimizer/q19_live_test.go
internal/planner/q20_unnest_test.go	internal/optimizer/q20_unnest_test.go
internal/planner/q21_dump_test.go	internal/optimizer/q21_dump_test.go
internal/planner/q21_live_test.go	internal/optimizer/q21_live_test.go
internal/planner/q8_subquery_scope_posmap_test.go	internal/optimizer/q8_subquery_scope_posmap_test.go
internal/planner/qual_canonical.go	internal/optimizer/qual_canonical.go
internal/planner/qual_canonical_test.go	internal/optimizer/qual_canonical_test.go
internal/planner/range_index_scan_test.go	internal/optimizer/range_index_scan_test.go
internal/planner/reconcile_ambiguousside_test.go	internal/optimizer/reconcile_ambiguousside_test.go
internal/planner/reduce_outer_joins.go	internal/optimizer/reduce_outer_joins.go
internal/planner/reduce_outer_joins_test.go	internal/optimizer/reduce_outer_joins_test.go
internal/planner/relfromjoinlist.go	internal/optimizer/relfromjoinlist.go
internal/planner/relfromjoinlist_test.go	internal/optimizer/relfromjoinlist_test.go
internal/planner/relsize.go	internal/optimizer/relsize.go
internal/planner/relsize_baserel_placement_test.go	internal/optimizer/relsize_baserel_placement_test.go
internal/planner/relsize_fallback_test.go	internal/optimizer/relsize_fallback_test.go
internal/planner/relsize_test.go	internal/optimizer/relsize_test.go
internal/planner/remap_arms_test.go	internal/optimizer/remap_arms_test.go
internal/planner/rowin_test.go	internal/optimizer/rowin_test.go
internal/planner/scan_input_rewrite.go	internal/optimizer/scan_input_rewrite.go
internal/planner/searchedtree.go	internal/optimizer/searchedtree.go
internal/planner/searchedtree_test.go	internal/optimizer/searchedtree_test.go
internal/planner/selectivity.go	internal/optimizer/selectivity.go
internal/planner/selectivity_test.go	internal/optimizer/selectivity_test.go
internal/planner/semi_anti_schema_invariant_test.go	internal/optimizer/semi_anti_schema_invariant_test.go
internal/planner/setop_head_sortlimit_test.go	internal/optimizer/setop_head_sortlimit_test.go
internal/planner/shift_colrefs_in_test.go	internal/optimizer/shift_colrefs_in_test.go
internal/planner/small_dim_buildside_test.go	internal/optimizer/small_dim_buildside_test.go
internal/planner/small_dimension.go	internal/optimizer/small_dimension.go
internal/planner/small_dimension_test.go	internal/optimizer/small_dimension_test.go
internal/planner/source_table_idx_test.go	internal/optimizer/source_table_idx_test.go
internal/planner/specialjoin.go	internal/optimizer/specialjoin.go
internal/planner/specialjoin_test.go	internal/optimizer/specialjoin_test.go
internal/planner/srf_join_offset_diag_test.go	internal/optimizer/srf_join_offset_diag_test.go
internal/planner/subplan_cost.go	internal/optimizer/subplan_cost.go
internal/planner/subplan_lower.go	internal/optimizer/subplan_lower.go
internal/planner/subplan_lower_dml_test.go	internal/optimizer/subplan_lower_dml_test.go
internal/planner/subplan_lower_test.go	internal/optimizer/subplan_lower_test.go
internal/planner/subplan_lower_walk.go	internal/optimizer/subplan_lower_walk.go
internal/planner/subquery_remap_test.go	internal/optimizer/subquery_remap_test.go
internal/planner/tpch_test.go	internal/optimizer/tpch_test.go
internal/planner/tuplefraction.go	internal/optimizer/tuplefraction.go
internal/planner/tuplefraction_test.go	internal/optimizer/tuplefraction_test.go
internal/planner/unnest.go	internal/optimizer/unnest.go
internal/planner/unnest_correlated_test.go	internal/optimizer/unnest_correlated_test.go
internal/planner/unnest_guards_test.go	internal/optimizer/unnest_guards_test.go
internal/planner/unnest_indexkey_test.go	internal/optimizer/unnest_indexkey_test.go
internal/planner/unnest_multi_param_test.go	internal/optimizer/unnest_multi_param_test.go
internal/planner/unnest_nested_sublink_test.go	internal/optimizer/unnest_nested_sublink_test.go
internal/planner/unnest_test.go	internal/optimizer/unnest_test.go
internal/planner/values_test.go	internal/optimizer/values_test.go
internal/planner/view_dml.go	internal/optimizer/view_dml.go
internal/planner/view_privilege.go	internal/optimizer/view_privilege.go
internal/planner/view_privilege_test.go	internal/optimizer/view_privilege_test.go
internal/planner/virtual_test.go	internal/optimizer/virtual_test.go
internal/planner/visit_refs_arms_test.go	internal/optimizer/visit_refs_arms_test.go
internal/planner/visit_refs_byname_arms_test.go	internal/optimizer/visit_refs_byname_arms_test.go
internal/planner/visit_refs_for_table_arms_test.go	internal/optimizer/visit_refs_for_table_arms_test.go
internal/planner/walk_export.go	internal/optimizer/walk_export.go
internal/planner/window_test.go	internal/optimizer/window_test.go
internal/planner/with.go	internal/optimizer/with.go
internal/planner/with_test.go	internal/optimizer/with_test.go
internal/planner/with_union_subq_test.go	internal/optimizer/with_union_subq_test.go
internal/planner/zero_col_test.go	internal/optimizer/zero_col_test.go
internal/pgnodes/bc_infinity_test.go	internal/nodes/bc_infinity_test.go
internal/pgnodes/bit_lencoerce_test.go	internal/nodes/bit_lencoerce_test.go
internal/pgnodes/bool_null_test.go	internal/nodes/bool_null_test.go
internal/pgnodes/booleantest_test.go	internal/nodes/booleantest_test.go
internal/pgnodes/case_test.go	internal/nodes/case_test.go
internal/pgnodes/cast_test.go	internal/nodes/cast_test.go
internal/pgnodes/date_test.go	internal/nodes/date_test.go
internal/pgnodes/datetime_cast_test.go	internal/nodes/datetime_cast_test.go
internal/pgnodes/datum.go	internal/nodes/datum.go
internal/pgnodes/distinct_test.go	internal/nodes/distinct_test.go
internal/pgnodes/int2_cast_test.go	internal/nodes/int2_cast_test.go
internal/pgnodes/ir.go	internal/nodes/ir.go
internal/pgnodes/ir_query.go	internal/nodes/ir_query.go
internal/pgnodes/numeric_cast_test.go	internal/nodes/numeric_cast_test.go
internal/pgnodes/numeric_lencoerce_test.go	internal/nodes/numeric_lencoerce_test.go
internal/pgnodes/numeric_relabel_explicit_test.go	internal/nodes/numeric_relabel_explicit_test.go
internal/pgnodes/numeric_relabel_test.go	internal/nodes/numeric_relabel_test.go
internal/pgnodes/numeric_storage.go	internal/nodes/numeric_storage.go
internal/pgnodes/numeric_storage_test.go	internal/nodes/numeric_storage_test.go
internal/pgnodes/numeric_test.go	internal/nodes/numeric_test.go
internal/pgnodes/outfuncs.go	internal/nodes/outfuncs.go
internal/pgnodes/outfuncs_query.go	internal/nodes/outfuncs_query.go
internal/pgnodes/pgnodes_test.go	internal/nodes/pgnodes_test.go
internal/pgnodes/query_roundtrip_test.go	internal/nodes/query_roundtrip_test.go
internal/pgnodes/readfuncs.go	internal/nodes/readfuncs.go
internal/pgnodes/readfuncs_query.go	internal/nodes/readfuncs_query.go
internal/pgnodes/rebuild.go	internal/nodes/rebuild.go
internal/pgnodes/rebuild_query.go	internal/nodes/rebuild_query.go
internal/pgnodes/rebuild_query_test.go	internal/nodes/rebuild_query_test.go
internal/pgnodes/resolver_expr.go	internal/nodes/resolver_expr.go
internal/pgnodes/resolver_expr_test.go	internal/nodes/resolver_expr_test.go
internal/pgnodes/resolver_query.go	internal/nodes/resolver_query.go
internal/pgnodes/resolver_query_test.go	internal/nodes/resolver_query_test.go
internal/pgnodes/string_cast_test.go	internal/nodes/string_cast_test.go
internal/pgnodes/string_float_oid_cast_test.go	internal/nodes/string_float_oid_cast_test.go
internal/pgnodes/string_numeric_typmod_cast_test.go	internal/nodes/string_numeric_typmod_cast_test.go
internal/pgnodes/string_text_numeric_cast_test.go	internal/nodes/string_text_numeric_cast_test.go
internal/pgnodes/time_lencoerce_test.go	internal/nodes/time_lencoerce_test.go
internal/pgnodes/timestamp_lencoerce_test.go	internal/nodes/timestamp_lencoerce_test.go
internal/pgnodes/timestamptz_lencoerce_test.go	internal/nodes/timestamptz_lencoerce_test.go
internal/pgnodes/timestamptz_test.go	internal/nodes/timestamptz_test.go
internal/pgnodes/timetz_lencoerce_test.go	internal/nodes/timetz_lencoerce_test.go
internal/pgnodes/unsupported.go	internal/nodes/unsupported.go
internal/pgnodes/varchar_lencoerce_test.go	internal/nodes/varchar_lencoerce_test.go
internal/pgnodes/view_bool_null_test.go	internal/nodes/view_bool_null_test.go
internal/access/btree/bench_baseline_test.go	internal/access/nbtree/bench_baseline_test.go
internal/access/btree/btree.go	internal/access/nbtree/btree.go
internal/access/btree/btree_test.go	internal/access/nbtree/btree_test.go
internal/access/btree/btree_vacuum.go	internal/access/nbtree/btree_vacuum.go
internal/access/btree/btree_vacuum_internal_cascade_test.go	internal/access/nbtree/btree_vacuum_internal_cascade_test.go
internal/access/btree/btree_vacuum_internal_race_test.go	internal/access/nbtree/btree_vacuum_internal_race_test.go
internal/access/btree/btree_vacuum_parent_downlink_race_test.go	internal/access/nbtree/btree_vacuum_parent_downlink_race_test.go
internal/access/btree/btree_vacuum_test.go	internal/access/nbtree/btree_vacuum_test.go
internal/access/btree/btree_vacuum_wal_test.go	internal/access/nbtree/btree_vacuum_wal_test.go
internal/access/btree/bulkload.go	internal/access/nbtree/bulkload.go
internal/access/btree/bulkload_test.go	internal/access/nbtree/bulkload_test.go
internal/access/btree/char_key_test.go	internal/access/nbtree/char_key_test.go
internal/access/btree/composite_key_test.go	internal/access/nbtree/composite_key_test.go
internal/access/btree/latch_release.go	internal/access/nbtree/latch_release.go
internal/access/btree/latch_release_test.go	internal/access/nbtree/latch_release_test.go
internal/access/btree/lpdead_kill.go	internal/access/nbtree/lpdead_kill.go
internal/access/btree/lpdead_kill_test.go	internal/access/nbtree/lpdead_kill_test.go
internal/access/btree/lpdead_tolerance_test.go	internal/access/nbtree/lpdead_tolerance_test.go
internal/access/btree/metapage_flip_test.go	internal/access/nbtree/metapage_flip_test.go
internal/access/btree/multi_writer_stress_test.go	internal/access/nbtree/multi_writer_stress_test.go
internal/access/btree/numeric_key_test.go	internal/access/nbtree/numeric_key_test.go
internal/access/btree/parent_retarget_test.go	internal/access/nbtree/parent_retarget_test.go
internal/access/btree/parse_err_dump.go	internal/access/nbtree/parse_err_dump.go
internal/access/btree/pgcompare.go	internal/access/nbtree/pgcompare.go
internal/access/btree/pgcompare_test.go	internal/access/nbtree/pgcompare_test.go
internal/access/btree/pgcompare_types.go	internal/access/nbtree/pgcompare_types.go
internal/access/btree/pgcompare_types_test.go	internal/access/nbtree/pgcompare_types_test.go
internal/access/btree/pgdelete.go	internal/access/nbtree/pgdelete.go
internal/access/btree/pgformat.go	internal/access/nbtree/pgformat.go
internal/access/btree/pgformat_test.go	internal/access/nbtree/pgformat_test.go
internal/access/btree/pgitem_test.go	internal/access/nbtree/pgitem_test.go
internal/access/btree/pgitemcodec.go	internal/access/nbtree/pgitemcodec.go
internal/access/btree/pgitemcodec_test.go	internal/access/nbtree/pgitemcodec_test.go
internal/access/btree/pgkeycmp.go	internal/access/nbtree/pgkeycmp.go
internal/access/btree/pgkeycmp_test.go	internal/access/nbtree/pgkeycmp_test.go
internal/access/btree/pgnewroot.go	internal/access/nbtree/pgnewroot.go
internal/access/btree/pgnewroot_test.go	internal/access/nbtree/pgnewroot_test.go
internal/access/btree/pgpage.go	internal/access/nbtree/pgpage.go
internal/access/btree/pgpage_test.go	internal/access/nbtree/pgpage_test.go
internal/access/btree/pgpagedel.go	internal/access/nbtree/pgpagedel.go
internal/access/btree/pgpagereaders_test.go	internal/access/nbtree/pgpagereaders_test.go
internal/access/btree/pgpivot_tree_test.go	internal/access/nbtree/pgpivot_tree_test.go
internal/access/btree/pgposting_format_test.go	internal/access/nbtree/pgposting_format_test.go
internal/access/btree/pgsplit.go	internal/access/nbtree/pgsplit.go
internal/access/btree/pgsplit_fpi_test.go	internal/access/nbtree/pgsplit_fpi_test.go
internal/access/btree/pgsplitleft.go	internal/access/nbtree/pgsplitleft.go
internal/access/btree/pgsplitleft_test.go	internal/access/nbtree/pgsplitleft_test.go
internal/access/btree/pgthirdpage_test.go	internal/access/nbtree/pgthirdpage_test.go
internal/access/btree/pgtruncate.go	internal/access/nbtree/pgtruncate.go
internal/access/btree/pgtruncate_test.go	internal/access/nbtree/pgtruncate_test.go
internal/access/btree/pgtuple.go	internal/access/nbtree/pgtuple.go
internal/access/btree/pgtuple_test.go	internal/access/nbtree/pgtuple_test.go
internal/access/btree/pgvacuum.go	internal/access/nbtree/pgvacuum.go
internal/access/btree/pgvacuum_test.go	internal/access/nbtree/pgvacuum_test.go
internal/access/btree/posting.go	internal/access/nbtree/posting.go
internal/access/btree/posting_test.go	internal/access/nbtree/posting_test.go
internal/access/btree/prefix_highbound_test.go	internal/access/nbtree/prefix_highbound_test.go
internal/access/btree/race_off_test.go	internal/access/nbtree/race_off_test.go
internal/access/btree/race_on_test.go	internal/access/nbtree/race_on_test.go
internal/access/btree/range_scan_bench_test.go	internal/access/nbtree/range_scan_bench_test.go
internal/access/btree/recycle_horizon_test.go	internal/access/nbtree/recycle_horizon_test.go
internal/access/btree/replay.go	internal/access/nbtree/replay.go
internal/access/btree/replay_halfdead_test.go	internal/access/nbtree/replay_halfdead_test.go
internal/access/btree/replay_offnum_test.go	internal/access/nbtree/replay_offnum_test.go
internal/access/btree/replay_pagedel_test.go	internal/access/nbtree/replay_pagedel_test.go
internal/access/btree/size_check_test.go	internal/access/nbtree/size_check_test.go
internal/access/btree/timestamp_key_test.go	internal/access/nbtree/timestamp_key_test.go
internal/access/btree/unlink_protocol_test.go	internal/access/nbtree/unlink_protocol_test.go
internal/access/btree/varchar_key_test.go	internal/access/nbtree/varchar_key_test.go
internal/aio/aio.go	internal/storage/aio/aio.go
internal/aio/aio_test.go	internal/storage/aio/aio_test.go
internal/aio/method_iouring_linux.go	internal/storage/aio/method_iouring_linux.go
internal/aio/method_iouring_linux_test.go	internal/storage/aio/method_iouring_linux_test.go
internal/aio/method_iouring_other.go	internal/storage/aio/method_iouring_other.go
internal/aio/method_sync.go	internal/storage/aio/method_sync.go
internal/aio/method_worker.go	internal/storage/aio/method_worker.go
internal/aio/read_stream.go	internal/storage/aio/read_stream.go
internal/aio/read_stream_test.go	internal/storage/aio/read_stream_test.go
internal/mctx/mctx.go	internal/utils/mmgr/mctx.go
internal/mctx/mctx_test.go	internal/utils/mmgr/mctx_test.go
internal/mctx/perm_concurrency_test.go	internal/utils/mmgr/perm_concurrency_test.go
internal/mb/conv.go	internal/utils/mb/conv.go
internal/mb/latin1.go	internal/utils/mb/latin1.go
internal/mb/latin1_test.go	internal/utils/mb/latin1_test.go
internal/mb/latin2.go	internal/utils/mb/latin2.go
internal/mb/latin2_test.go	internal/utils/mb/latin2_test.go
internal/mb/wchar.go	internal/utils/mb/wchar.go
internal/mvcc/clog.go	internal/access/transam/clog.go
internal/mvcc/clog_asynccommit_test.go	internal/access/transam/clog_asynccommit_test.go
internal/mvcc/clog_bufferpool.go	internal/access/transam/clog_bufferpool.go
internal/mvcc/clog_bufferpool_live_test.go	internal/access/transam/clog_bufferpool_live_test.go
internal/mvcc/clog_bufferpool_lsn_test.go	internal/access/transam/clog_bufferpool_lsn_test.go
internal/mvcc/clog_bufferpool_test.go	internal/access/transam/clog_bufferpool_test.go
internal/mvcc/clog_dual_store_consistency_test.go	internal/access/transam/clog_dual_store_consistency_test.go
internal/mvcc/clog_groupcommit_test.go	internal/access/transam/clog_groupcommit_test.go
internal/mvcc/clog_slru_recovery_test.go	internal/access/transam/clog_slru_recovery_test.go
internal/mvcc/clog_test.go	internal/access/transam/clog_test.go
internal/mvcc/combocid.go	internal/access/transam/combocid.go
internal/mvcc/has_aborted_xid_test.go	internal/access/transam/has_aborted_xid_test.go
internal/mvcc/manager.go	internal/access/transam/manager.go
internal/mvcc/manager_test.go	internal/access/transam/manager_test.go
internal/mvcc/partition_detach_epoch.go	internal/access/transam/partition_detach_epoch.go
internal/mvcc/partition_detach_epoch_test.go	internal/access/transam/partition_detach_epoch_test.go
internal/mvcc/predlock.go	internal/access/transam/predlock.go
internal/mvcc/predlock_test.go	internal/access/transam/predlock_test.go
internal/mvcc/procarray.go	internal/access/transam/procarray.go
internal/mvcc/release_xid_waiters_test.go	internal/access/transam/release_xid_waiters_test.go
internal/mvcc/snapshot.go	internal/access/transam/snapshot.go
internal/mvcc/snapshot_clog_fallback_test.go	internal/access/transam/snapshot_clog_fallback_test.go
internal/mvcc/snapshot_test.go	internal/access/transam/snapshot_test.go
internal/mvcc/ssi.go	internal/access/transam/ssi.go
internal/mvcc/ssi_conflict.go	internal/access/transam/ssi_conflict.go
internal/mvcc/ssi_conflict_readonly_test.go	internal/access/transam/ssi_conflict_readonly_test.go
internal/mvcc/ssi_conflict_table_test.go	internal/access/transam/ssi_conflict_table_test.go
internal/mvcc/ssi_conflict_test.go	internal/access/transam/ssi_conflict_test.go
internal/mvcc/ssi_precommit.go	internal/access/transam/ssi_precommit.go
internal/mvcc/ssi_precommit_test.go	internal/access/transam/ssi_precommit_test.go
internal/mvcc/ssi_safesnapshot_test.go	internal/access/transam/ssi_safesnapshot_test.go
internal/mvcc/ssi_test.go	internal/access/transam/ssi_test.go
internal/mvcc/subxact.go	internal/access/transam/subxact.go
internal/mvcc/subxact_restore_test.go	internal/access/transam/subxact_restore_test.go
internal/mvcc/subxact_slru.go	internal/access/transam/subxact_slru.go
internal/mvcc/subxact_test.go	internal/access/transam/subxact_test.go
internal/mvcc/subxact_truncate_test.go	internal/access/transam/subxact_truncate_test.go
internal/mvcc/subxact_visibility.go	internal/access/transam/subxact_visibility.go
internal/mvcc/subxact_visibility_test.go	internal/access/transam/subxact_visibility_test.go
internal/mvcc/visibility.go	internal/access/transam/visibility.go
internal/mvcc/visibility_test.go	internal/access/transam/visibility_test.go
internal/mvcc/wait_for_slots_test.go	internal/access/transam/wait_for_slots_test.go
internal/mvcc/xidgen.go	internal/access/transam/xidgen.go
internal/multixact/multixact.go	internal/access/transam/multixact/multixact.go
internal/multixact/multixact_test.go	internal/access/transam/multixact/multixact_test.go
internal/multixact/store.go	internal/access/transam/multixact/store.go
internal/multixact/store_test.go	internal/access/transam/multixact/store_test.go
internal/wal/aio_writer_test.go	internal/access/transam/xlog/aio_writer_test.go
internal/wal/append_pgcompat_async_drain_test.go	internal/access/transam/xlog/append_pgcompat_async_drain_test.go
internal/wal/append_xlog_payload.go	internal/access/transam/xlog/append_xlog_payload.go
internal/wal/append_xlog_payload_parity_test.go	internal/access/transam/xlog/append_xlog_payload_parity_test.go
internal/wal/append_xlog_payload_test.go	internal/access/transam/xlog/append_xlog_payload_test.go
internal/wal/archive_recovery.go	internal/access/transam/xlog/archive_recovery.go
internal/wal/archive_recovery_test.go	internal/access/transam/xlog/archive_recovery_test.go
internal/wal/archive_restore.go	internal/access/transam/xlog/archive_restore.go
internal/wal/btree_dedup_pg_test.go	internal/access/transam/xlog/btree_dedup_pg_test.go
internal/wal/btree_delete_pg_test.go	internal/access/transam/xlog/btree_delete_pg_test.go
internal/wal/btree_halfdead_pg_test.go	internal/access/transam/xlog/btree_halfdead_pg_test.go
internal/wal/btree_insert_pg_test.go	internal/access/transam/xlog/btree_insert_pg_test.go
internal/wal/btree_insert_post_pg_test.go	internal/access/transam/xlog/btree_insert_post_pg_test.go
internal/wal/btree_insert_upper_pg_test.go	internal/access/transam/xlog/btree_insert_upper_pg_test.go
internal/wal/btree_newroot_pg_test.go	internal/access/transam/xlog/btree_newroot_pg_test.go
internal/wal/btree_pagedel_producer_test.go	internal/access/transam/xlog/btree_pagedel_producer_test.go
internal/wal/btree_pagedel_test.go	internal/access/transam/xlog/btree_pagedel_test.go
internal/wal/btree_split_left_pg_test.go	internal/access/transam/xlog/btree_split_left_pg_test.go
internal/wal/btree_split_pg_test.go	internal/access/transam/xlog/btree_split_pg_test.go
internal/wal/btree_unlinkpage_pg_test.go	internal/access/transam/xlog/btree_unlinkpage_pg_test.go
internal/wal/btree_vacuum_newroot_pg_test.go	internal/access/transam/xlog/btree_vacuum_newroot_pg_test.go
internal/wal/btree_vacuum_pg_test.go	internal/access/transam/xlog/btree_vacuum_pg_test.go
internal/wal/btree_vacuum_test.go	internal/access/transam/xlog/btree_vacuum_test.go
internal/wal/checkpoint_compat_test.go	internal/access/transam/xlog/checkpoint_compat_test.go
internal/wal/checkpoint_fields_pg_test.go	internal/access/transam/xlog/checkpoint_fields_pg_test.go
internal/wal/checkpoint_opcode_pg_test.go	internal/access/transam/xlog/checkpoint_opcode_pg_test.go
internal/wal/checkpointer.go	internal/access/transam/xlog/checkpointer.go
internal/wal/checkpointer_test.go	internal/access/transam/xlog/checkpointer_test.go
internal/wal/classifier.go	internal/access/transam/xlog/classifier.go
internal/wal/classifier_test.go	internal/access/transam/xlog/classifier_test.go
internal/wal/clog_truncate_pg_test.go	internal/access/transam/xlog/clog_truncate_pg_test.go
internal/wal/clog_zeropage_pg_test.go	internal/access/transam/xlog/clog_zeropage_pg_test.go
internal/wal/decoder.go	internal/access/transam/xlog/decoder.go
internal/wal/discover_checkpoint_test.go	internal/access/transam/xlog/discover_checkpoint_test.go
internal/wal/drain_safety_stress_test.go	internal/access/transam/xlog/drain_safety_stress_test.go
internal/wal/format.go	internal/access/transam/xlog/format.go
internal/wal/format_detect.go	internal/access/transam/xlog/format_detect.go
internal/wal/format_detect_test.go	internal/access/transam/xlog/format_detect_test.go
internal/wal/format_mismatch_test.go	internal/access/transam/xlog/format_mismatch_test.go
internal/wal/format_xlog_test.go	internal/access/transam/xlog/format_xlog_test.go
internal/wal/group_commit_test.go	internal/access/transam/xlog/group_commit_test.go
internal/wal/heap2_rewrite_pg_test.go	internal/access/transam/xlog/heap2_rewrite_pg_test.go
internal/wal/heap_delete_pg_classify_test.go	internal/access/transam/xlog/heap_delete_pg_classify_test.go
internal/wal/heap_delete_pg_test.go	internal/access/transam/xlog/heap_delete_pg_test.go
internal/wal/heap_delete_update_infobits_pg_test.go	internal/access/transam/xlog/heap_delete_update_infobits_pg_test.go
internal/wal/heap_freeze_pg_test.go	internal/access/transam/xlog/heap_freeze_pg_test.go
internal/wal/heap_freeze_test.go	internal/access/transam/xlog/heap_freeze_test.go
internal/wal/heap_hot_update_pg_classify_test.go	internal/access/transam/xlog/heap_hot_update_pg_classify_test.go
internal/wal/heap_hot_update_pg_test.go	internal/access/transam/xlog/heap_hot_update_pg_test.go
internal/wal/heap_insert_pg_classify_test.go	internal/access/transam/xlog/heap_insert_pg_classify_test.go
internal/wal/heap_insert_pg_test.go	internal/access/transam/xlog/heap_insert_pg_test.go
internal/wal/heap_lock_confirm_pg_test.go	internal/access/transam/xlog/heap_lock_confirm_pg_test.go
internal/wal/heap_lock_updated_pg_test.go	internal/access/transam/xlog/heap_lock_updated_pg_test.go
internal/wal/heap_multi_insert_pg_test.go	internal/access/transam/xlog/heap_multi_insert_pg_test.go
internal/wal/heap_prune_pg_test.go	internal/access/transam/xlog/heap_prune_pg_test.go
internal/wal/heap_prune_redirect_only_test.go	internal/access/transam/xlog/heap_prune_redirect_only_test.go
internal/wal/heap_update_pg_test.go	internal/access/transam/xlog/heap_update_pg_test.go
internal/wal/heap_visible_pg_test.go	internal/access/transam/xlog/heap_visible_pg_test.go
internal/wal/index_am_refusal.go	internal/access/transam/xlog/index_am_refusal.go
internal/wal/index_am_refusal_pg_test.go	internal/access/transam/xlog/index_am_refusal_pg_test.go
internal/wal/insert_pos.go	internal/access/transam/xlog/insert_pos.go
internal/wal/insert_pos_publish.go	internal/access/transam/xlog/insert_pos_publish.go
internal/wal/insert_pos_publish_test.go	internal/access/transam/xlog/insert_pos_publish_test.go
internal/wal/insert_pos_test.go	internal/access/transam/xlog/insert_pos_test.go
internal/wal/insertion_tracker.go	internal/access/transam/xlog/insertion_tracker.go
internal/wal/insertion_tracker_test.go	internal/access/transam/xlog/insertion_tracker_test.go
internal/wal/iterator.go	internal/access/transam/xlog/iterator.go
internal/wal/iterator_test.go	internal/access/transam/xlog/iterator_test.go
internal/wal/m0080_records_test.go	internal/access/transam/xlog/m0080_records_test.go
internal/wal/mem_ring.go	internal/access/transam/xlog/mem_ring.go
internal/wal/mem_ring_concurrent.go	internal/access/transam/xlog/mem_ring_concurrent.go
internal/wal/mem_ring_concurrent_test.go	internal/access/transam/xlog/mem_ring_concurrent_test.go
internal/wal/mem_ring_test.go	internal/access/transam/xlog/mem_ring_test.go
internal/wal/multixact_producer_redo_gap_test.go	internal/access/transam/xlog/multixact_producer_redo_gap_test.go
internal/wal/opcode_space_coverage_pg_test.go	internal/access/transam/xlog/opcode_space_coverage_pg_test.go
internal/wal/padded_mutex.go	internal/access/transam/xlog/padded_mutex.go
internal/wal/padded_mutex_test.go	internal/access/transam/xlog/padded_mutex_test.go
internal/wal/page_image_pg_test.go	internal/access/transam/xlog/page_image_pg_test.go
internal/wal/pg_assembled_emit.go	internal/access/transam/xlog/pg_assembled_emit.go
internal/wal/pg_assembled_emit_test.go	internal/access/transam/xlog/pg_assembled_emit_test.go
internal/wal/pg_waldump_compat_test.go	internal/access/transam/xlog/pg_waldump_compat_test.go
internal/wal/pg_xact_parse.go	internal/access/transam/xlog/pg_xact_parse.go
internal/wal/pg_xlog_decode.go	internal/access/transam/xlog/pg_xlog_decode.go
internal/wal/pg_xlog_decode_test.go	internal/access/transam/xlog/pg_xlog_decode_test.go
internal/wal/pgoutput.go	internal/access/transam/xlog/pgoutput.go
internal/wal/pgoutput_array_test.go	internal/access/transam/xlog/pgoutput_array_test.go
internal/wal/pgoutput_bpchar_test.go	internal/access/transam/xlog/pgoutput_bpchar_test.go
internal/wal/pgoutput_compressed_test.go	internal/access/transam/xlog/pgoutput_compressed_test.go
internal/wal/pgoutput_decoder.go	internal/access/transam/xlog/pgoutput_decoder.go
internal/wal/pgoutput_decoder_test.go	internal/access/transam/xlog/pgoutput_decoder_test.go
internal/wal/pgoutput_interval_test.go	internal/access/transam/xlog/pgoutput_interval_test.go
internal/wal/pgoutput_numeric_test.go	internal/access/transam/xlog/pgoutput_numeric_test.go
internal/wal/pgoutput_physical_test.go	internal/access/transam/xlog/pgoutput_physical_test.go
internal/wal/pgoutput_reg_identifier_test.go	internal/access/transam/xlog/pgoutput_reg_identifier_test.go
internal/wal/pgoutput_test.go	internal/access/transam/xlog/pgoutput_test.go
internal/wal/pgoutput_uuid_test.go	internal/access/transam/xlog/pgoutput_uuid_test.go
internal/wal/predict_emitted_size.go	internal/access/transam/xlog/predict_emitted_size.go
internal/wal/predict_emitted_size_test.go	internal/access/transam/xlog/predict_emitted_size_test.go
internal/wal/predict_xlog_record_len.go	internal/access/transam/xlog/predict_xlog_record_len.go
internal/wal/predict_xlog_record_len_test.go	internal/access/transam/xlog/predict_xlog_record_len_test.go
internal/wal/publish_visibility.go	internal/access/transam/xlog/publish_visibility.go
internal/wal/publish_visibility_test.go	internal/access/transam/xlog/publish_visibility_test.go
internal/wal/reader.go	internal/access/transam/xlog/reader.go
internal/wal/reader_early_end.go	internal/access/transam/xlog/reader_early_end.go
internal/wal/reader_early_end_test.go	internal/access/transam/xlog/reader_early_end_test.go
internal/wal/reader_fail_closed_test.go	internal/access/transam/xlog/reader_fail_closed_test.go
internal/wal/reader_segment_gap_test.go	internal/access/transam/xlog/reader_segment_gap_test.go
internal/wal/reader_segment_pad_page_gap_test.go	internal/access/transam/xlog/reader_segment_pad_page_gap_test.go
internal/wal/reader_segment_size_test.go	internal/access/transam/xlog/reader_segment_size_test.go
internal/wal/reader_segment_tail_gap_test.go	internal/access/transam/xlog/reader_segment_tail_gap_test.go
internal/wal/reader_torn_tail_test.go	internal/access/transam/xlog/reader_torn_tail_test.go
internal/wal/record_kind_rmgr_mapping_test.go	internal/access/transam/xlog/record_kind_rmgr_mapping_test.go
internal/wal/recovery.go	internal/access/transam/xlog/recovery.go
internal/wal/recovery_cache.go	internal/access/transam/xlog/recovery_cache.go
internal/wal/recovery_cache_test.go	internal/access/transam/xlog/recovery_cache_test.go
internal/wal/recovery_test.go	internal/access/transam/xlog/recovery_test.go
internal/wal/recycled_segment_test.go	internal/access/transam/xlog/recycled_segment_test.go
internal/wal/redo_blknotfound_pg_test.go	internal/access/transam/xlog/redo_blknotfound_pg_test.go
internal/wal/redo_cheap_tail_pg_test.go	internal/access/transam/xlog/redo_cheap_tail_pg_test.go
internal/wal/relmap.go	internal/access/transam/xlog/relmap.go
internal/wal/relmap_test.go	internal/access/transam/xlog/relmap_test.go
internal/wal/reorder.go	internal/access/transam/xlog/reorder.go
internal/wal/reorder_test.go	internal/access/transam/xlog/reorder_test.go
internal/wal/replay_redo_start_test.go	internal/access/transam/xlog/replay_redo_start_test.go
internal/wal/repllog.go	internal/access/transam/xlog/repllog.go
internal/wal/replmon.go	internal/access/transam/xlog/replmon.go
internal/wal/replmon_test.go	internal/access/transam/xlog/replmon_test.go
internal/wal/reserve_emitted.go	internal/access/transam/xlog/reserve_emitted.go
internal/wal/reserve_emitted_test.go	internal/access/transam/xlog/reserve_emitted_test.go
internal/wal/retention.go	internal/access/transam/xlog/retention.go
internal/wal/retention_test.go	internal/access/transam/xlog/retention_test.go
internal/wal/rmgr_map.go	internal/access/transam/xlog/rmgr_map.go
internal/wal/rmgr_map_test.go	internal/access/transam/xlog/rmgr_map_test.go
internal/wal/segment_cross_reservation_test.go	internal/access/transam/xlog/segment_cross_reservation_test.go
internal/wal/segment_pad.go	internal/access/transam/xlog/segment_pad.go
internal/wal/segment_pad_emit.go	internal/access/transam/xlog/segment_pad_emit.go
internal/wal/segment_pad_emit_test.go	internal/access/transam/xlog/segment_pad_emit_test.go
internal/wal/segment_pad_test.go	internal/access/transam/xlog/segment_pad_test.go
internal/wal/seq_log.go	internal/access/transam/xlog/seq_log.go
internal/wal/slot_decoder.go	internal/access/transam/xlog/slot_decoder.go
internal/wal/slot_decoder_test.go	internal/access/transam/xlog/slot_decoder_test.go
internal/wal/slots.go	internal/access/transam/xlog/slots.go
internal/wal/slots_pg.go	internal/access/transam/xlog/slots_pg.go
internal/wal/slots_test.go	internal/access/transam/xlog/slots_test.go
internal/wal/smgr_create_pg_test.go	internal/access/transam/xlog/smgr_create_pg_test.go
internal/wal/smgr_truncate_pg_test.go	internal/access/transam/xlog/smgr_truncate_pg_test.go
internal/wal/snapshot.go	internal/access/transam/xlog/snapshot.go
internal/wal/snapshot_test.go	internal/access/transam/xlog/snapshot_test.go
internal/wal/stream_replayer.go	internal/access/transam/xlog/stream_replayer.go
internal/wal/stream_replayer_test.go	internal/access/transam/xlog/stream_replayer_test.go
internal/wal/stripe_append.go	internal/access/transam/xlog/stripe_append.go
internal/wal/stripe_append_build_test.go	internal/access/transam/xlog/stripe_append_build_test.go
internal/wal/stripe_append_emitted.go	internal/access/transam/xlog/stripe_append_emitted.go
internal/wal/stripe_append_emitted_test.go	internal/access/transam/xlog/stripe_append_emitted_test.go
internal/wal/stripe_append_test.go	internal/access/transam/xlog/stripe_append_test.go
internal/wal/stripe_writer_core.go	internal/access/transam/xlog/stripe_writer_core.go
internal/wal/stripe_writer_core_mount_test.go	internal/access/transam/xlog/stripe_writer_core_mount_test.go
internal/wal/stripe_writer_core_test.go	internal/access/transam/xlog/stripe_writer_core_test.go
internal/wal/subscriber_mon.go	internal/access/transam/xlog/subscriber_mon.go
internal/wal/subscriber_mon_test.go	internal/access/transam/xlog/subscriber_mon_test.go
internal/wal/subxact_wal_test.go	internal/access/transam/xlog/subxact_wal_test.go
internal/wal/sync_linux.go	internal/access/transam/xlog/sync_linux.go
internal/wal/sync_method_test.go	internal/access/transam/xlog/sync_method_test.go
internal/wal/sync_other.go	internal/access/transam/xlog/sync_other.go
internal/wal/syncrep.go	internal/access/transam/xlog/syncrep.go
internal/wal/syncrep_parse.go	internal/access/transam/xlog/syncrep_parse.go
internal/wal/syncrep_test.go	internal/access/transam/xlog/syncrep_test.go
internal/wal/tail_publisher.go	internal/access/transam/xlog/tail_publisher.go
internal/wal/tail_publisher_test.go	internal/access/transam/xlog/tail_publisher_test.go
internal/wal/tblspc_pg_test.go	internal/access/transam/xlog/tblspc_pg_test.go
internal/wal/timeline_history.go	internal/access/transam/xlog/timeline_history.go
internal/wal/timeline_history_test.go	internal/access/transam/xlog/timeline_history_test.go
internal/wal/tryappend_rwmutex_test.go	internal/access/transam/xlog/tryappend_rwmutex_test.go
internal/wal/wal_buffer.go	internal/access/transam/xlog/wal_buffer.go
internal/wal/wal_buffer_head_base_atomic_test.go	internal/access/transam/xlog/wal_buffer_head_base_atomic_test.go
internal/wal/wal_buffer_publish_tail.go	internal/access/transam/xlog/wal_buffer_publish_tail.go
internal/wal/wal_buffer_publish_tail_cas_test.go	internal/access/transam/xlog/wal_buffer_publish_tail_cas_test.go
internal/wal/wal_buffer_publish_tail_test.go	internal/access/transam/xlog/wal_buffer_publish_tail_test.go
internal/wal/wal_buffer_test.go	internal/access/transam/xlog/wal_buffer_test.go
internal/wal/wal_buffer_write_reserved_test.go	internal/access/transam/xlog/wal_buffer_write_reserved_test.go
internal/wal/wal_test.go	internal/access/transam/xlog/wal_test.go
internal/wal/wal_write_lock.go	internal/access/transam/xlog/wal_write_lock.go
internal/wal/wal_write_lock_test.go	internal/access/transam/xlog/wal_write_lock_test.go
internal/wal/writer.go	internal/access/transam/xlog/writer.go
internal/wal/writer_detect_test.go	internal/access/transam/xlog/writer_detect_test.go
internal/wal/writer_detect_tli_test.go	internal/access/transam/xlog/writer_detect_tli_test.go
internal/wal/writer_segment_cross_parity_test.go	internal/access/transam/xlog/writer_segment_cross_parity_test.go
internal/wal/xact_parse_pg_test.go	internal/access/transam/xlog/xact_parse_pg_test.go
internal/wal/xact_pg_classify_test.go	internal/access/transam/xlog/xact_pg_classify_test.go
internal/wal/xact_pg_test.go	internal/access/transam/xlog/xact_pg_test.go
internal/wal/xlog_assemble.go	internal/access/transam/xlog/xlog_assemble.go
internal/wal/xlog_assemble_test.go	internal/access/transam/xlog/xlog_assemble_test.go
internal/wal/xlog_emit.go	internal/access/transam/xlog/xlog_emit.go
internal/wal/xlog_emit_test.go	internal/access/transam/xlog/xlog_emit_test.go
internal/wal/xlog_page.go	internal/access/transam/xlog/xlog_page.go
internal/wal/xlog_page_test.go	internal/access/transam/xlog/xlog_page_test.go
internal/wal/xlog_record.go	internal/access/transam/xlog/xlog_record.go
internal/wal/xlog_record_test.go	internal/access/transam/xlog/xlog_record_test.go
internal/wal/xlog_replay_test.go	internal/access/transam/xlog/xlog_replay_test.go
internal/vacuum/lpdead_hook_test.go	internal/commands/vacuum/lpdead_hook_test.go
internal/vacuum/vacuum.go	internal/commands/vacuum/vacuum.go
internal/vacuum/vacuum_test.go	internal/commands/vacuum/vacuum_test.go
internal/autovacuum/launcher.go	internal/postmaster/autovacuum/launcher.go
internal/autovacuum/launcher_test.go	internal/postmaster/autovacuum/launcher_test.go
internal/sqlstate/codes.go	internal/utils/errcodes/codes.go
internal/server/applylauncher.go	internal/postmaster/applylauncher.go
internal/server/applylauncher_test.go	internal/postmaster/applylauncher_test.go
internal/server/auth_test.go	internal/postmaster/auth_test.go
internal/server/basebackup.go	internal/postmaster/basebackup.go
internal/server/basebackup_control_test.go	internal/postmaster/basebackup_control_test.go
internal/server/basebackup_test.go	internal/postmaster/basebackup_test.go
internal/server/bpchar_output_test.go	internal/postmaster/bpchar_output_test.go
internal/server/cancel.go	internal/postmaster/cancel.go
internal/server/cancel_by_pid_test.go	internal/postmaster/cancel_by_pid_test.go
internal/server/cancel_propagation_test.go	internal/postmaster/cancel_propagation_test.go
internal/server/conn_tx.go	internal/postmaster/conn_tx.go
internal/server/conn_tx_local_role_test.go	internal/postmaster/conn_tx_local_role_test.go
internal/server/conn_tx_session_reuse_test.go	internal/postmaster/conn_tx_session_reuse_test.go
internal/server/copy.go	internal/postmaster/copy.go
internal/server/copy_async_commit_test.go	internal/postmaster/copy_async_commit_test.go
internal/server/copy_csv_from_test.go	internal/postmaster/copy_csv_from_test.go
internal/server/copy_error_drain_test.go	internal/postmaster/copy_error_drain_test.go
internal/server/copy_executor_test.go	internal/postmaster/copy_executor_test.go
internal/server/copy_test.go	internal/postmaster/copy_test.go
internal/server/cross_partition_update_epq_test.go	internal/postmaster/cross_partition_update_epq_test.go
internal/server/database_ddl.go	internal/postmaster/database_ddl.go
internal/server/database_ddl_test.go	internal/postmaster/database_ddl_test.go
internal/server/database_exists_test.go	internal/postmaster/database_exists_test.go
internal/server/database_oid_wiring_test.go	internal/postmaster/database_oid_wiring_test.go
internal/server/database_template_copy_restart_test.go	internal/postmaster/database_template_copy_restart_test.go
internal/server/date_output_test.go	internal/postmaster/date_output_test.go
internal/server/ddl_command_tag_test.go	internal/postmaster/ddl_command_tag_test.go
internal/server/dispatch.go	internal/postmaster/dispatch.go
internal/server/dispatch_batch_atomicity_test.go	internal/postmaster/dispatch_batch_atomicity_test.go
internal/server/dispatch_extended.go	internal/postmaster/dispatch_extended.go
internal/server/dispatch_extended_ddl_test.go	internal/postmaster/dispatch_extended_ddl_test.go
internal/server/dispatch_extended_types_test.go	internal/postmaster/dispatch_extended_types_test.go
internal/server/drop_index_concurrent_test.go	internal/postmaster/drop_index_concurrent_test.go
internal/server/eof_watch.go	internal/postmaster/eof_watch.go
internal/server/error_response_test.go	internal/postmaster/error_response_test.go
internal/server/explain_execute_test.go	internal/postmaster/explain_execute_test.go
internal/server/extended.go	internal/postmaster/extended.go
internal/server/extended_executor_test.go	internal/postmaster/extended_executor_test.go
internal/server/extended_notify_test.go	internal/postmaster/extended_notify_test.go
internal/server/extended_prepared_cache_test.go	internal/postmaster/extended_prepared_cache_test.go
internal/server/extended_savepoint_test.go	internal/postmaster/extended_savepoint_test.go
internal/server/extended_set_role_test.go	internal/postmaster/extended_set_role_test.go
internal/server/extended_test.go	internal/postmaster/extended_test.go
internal/server/extended_txn_block_test.go	internal/postmaster/extended_txn_block_test.go
internal/server/extended_txn_isolation_test.go	internal/postmaster/extended_txn_isolation_test.go
internal/server/extended_txn_mixed_driver_test.go	internal/postmaster/extended_txn_mixed_driver_test.go
internal/server/extended_txn_mixed_test.go	internal/postmaster/extended_txn_mixed_test.go
internal/server/extended_txn_proc_slot_test.go	internal/postmaster/extended_txn_proc_slot_test.go
internal/server/extended_zero_column_test.go	internal/postmaster/extended_zero_column_test.go
internal/server/fk_delete_waits_inflight_child_insert_test.go	internal/postmaster/fk_delete_waits_inflight_child_insert_test.go
internal/server/grant_ddl.go	internal/postmaster/grant_ddl.go
internal/server/grant_ddl_test.go	internal/postmaster/grant_ddl_test.go
internal/server/hot_update_encoding_test.go	internal/postmaster/hot_update_encoding_test.go
internal/server/index_dbid_restart_test.go	internal/postmaster/index_dbid_restart_test.go
internal/server/lockrows_preserve_real_xmax_test.go	internal/postmaster/lockrows_preserve_real_xmax_test.go
internal/server/logicalreceiver.go	internal/postmaster/logicalreceiver.go
internal/server/logicalreceiver_reconnect_test.go	internal/postmaster/logicalreceiver_reconnect_test.go
internal/server/logicalreceiver_test.go	internal/postmaster/logicalreceiver_test.go
internal/server/logicalwalsender.go	internal/postmaster/logicalwalsender.go
internal/server/logicalwalsender_test.go	internal/postmaster/logicalwalsender_test.go
internal/server/notice_test.go	internal/postmaster/notice_test.go
internal/server/notify.go	internal/postmaster/notify.go
internal/server/notify_slru_test.go	internal/postmaster/notify_slru_test.go
internal/server/notify_test.go	internal/postmaster/notify_test.go
internal/server/oversized_message_test.go	internal/postmaster/oversized_message_test.go
internal/server/parallel_session_gucs_test.go	internal/postmaster/parallel_session_gucs_test.go
internal/server/password_test.go	internal/postmaster/password_test.go
internal/server/pgoutput_reg_names_test.go	internal/postmaster/pgoutput_reg_names_test.go
internal/server/plan_error_position_test.go	internal/postmaster/plan_error_position_test.go
internal/server/plancache.go	internal/postmaster/plancache.go
internal/server/prepare_execute_test.go	internal/postmaster/prepare_execute_test.go
internal/server/query.go	internal/postmaster/query.go
internal/server/query_test.go	internal/postmaster/query_test.go
internal/server/reg_copy_sibling_test.go	internal/postmaster/reg_copy_sibling_test.go
internal/server/regproc_output_test.go	internal/postmaster/regproc_output_test.go
internal/server/regtype_output_test.go	internal/postmaster/regtype_output_test.go
internal/server/reload_test.go	internal/postmaster/reload_test.go
internal/server/replication.go	internal/postmaster/replication.go
internal/server/replication_test.go	internal/postmaster/replication_test.go
internal/server/restart_after_retention_test.go	internal/postmaster/restart_after_retention_test.go
internal/server/retention_debug_test.go	internal/postmaster/retention_debug_test.go
internal/server/role_config_test.go	internal/postmaster/role_config_test.go
internal/server/role_ddl.go	internal/postmaster/role_ddl.go
internal/server/role_ddl_attrs_test.go	internal/postmaster/role_ddl_attrs_test.go
internal/server/role_ddl_create_reserved_test.go	internal/postmaster/role_ddl_create_reserved_test.go
internal/server/role_ddl_rename_test.go	internal/postmaster/role_ddl_rename_test.go
internal/server/role_ddl_scram_iterations_test.go	internal/postmaster/role_ddl_scram_iterations_test.go
internal/server/role_exists_test.go	internal/postmaster/role_exists_test.go
internal/server/scram_test.go	internal/postmaster/scram_test.go
internal/server/serializable_snapshot_test.go	internal/postmaster/serializable_snapshot_test.go
internal/server/server.go	internal/postmaster/server.go
internal/server/server_test.go	internal/postmaster/server_test.go
internal/server/set_local_role_test.go	internal/postmaster/set_local_role_test.go
internal/server/show_set_test.go	internal/postmaster/show_set_test.go
internal/server/statement_log.go	internal/postmaster/statement_log.go
internal/server/statement_log_test.go	internal/postmaster/statement_log_test.go
internal/server/stats_dbid_restart_test.go	internal/postmaster/stats_dbid_restart_test.go
internal/server/sync_commit_test.go	internal/postmaster/sync_commit_test.go
internal/server/table_dbid_restart_test.go	internal/postmaster/table_dbid_restart_test.go
internal/server/tableoid_test.go	internal/postmaster/tableoid_test.go
internal/server/tablesync.go	internal/postmaster/tablesync.go
internal/server/tablesync_manager.go	internal/postmaster/tablesync_manager.go
internal/server/tablesync_manager_test.go	internal/postmaster/tablesync_manager_test.go
internal/server/tablesync_test.go	internal/postmaster/tablesync_test.go
internal/server/teardown_rollback_test.go	internal/postmaster/teardown_rollback_test.go
internal/server/time_pg_encoding_test.go	internal/postmaster/time_pg_encoding_test.go
internal/server/twophase.go	internal/postmaster/twophase.go
internal/server/txn_verb.go	internal/postmaster/txn_verb.go
internal/server/typeoid_char_test.go	internal/postmaster/typeoid_char_test.go
internal/server/upsert_partition_routing_test.go	internal/postmaster/upsert_partition_routing_test.go
internal/server/upsert_rr_inflight_insert_test.go	internal/postmaster/upsert_rr_inflight_insert_test.go
internal/server/upsert_waits_inflight_xmax_test.go	internal/postmaster/upsert_waits_inflight_xmax_test.go
internal/server/varchar_pg_encoding_test.go	internal/postmaster/varchar_pg_encoding_test.go
internal/server/walreceiver.go	internal/postmaster/walreceiver.go
internal/server/walreceiver_test.go	internal/postmaster/walreceiver_test.go
internal/protocol/frame.go	internal/libpq/frame.go
internal/protocol/frame_test.go	internal/libpq/frame_test.go
internal/protocol/messages.go	internal/libpq/messages.go
internal/protocol/protocol.go	internal/libpq/protocol.go
internal/protocol/replication.go	internal/libpq/replication.go
internal/protocol/replication_test.go	internal/libpq/replication_test.go
internal/auth/auth.go	internal/libpq/auth/auth.go
internal/auth/auth_test.go	internal/libpq/auth/auth_test.go
internal/auth/exchange.go	internal/libpq/auth/exchange.go
internal/auth/parser.go	internal/libpq/auth/parser.go
internal/auth/saslprep.go	internal/libpq/auth/saslprep.go
internal/auth/saslprep_tables.go	internal/libpq/auth/saslprep_tables.go
internal/auth/saslprep_test.go	internal/libpq/auth/saslprep_test.go
internal/auth/scram.go	internal/libpq/auth/scram.go
internal/auth/scram_test.go	internal/libpq/auth/scram_test.go
internal/auth/userstore.go	internal/libpq/auth/userstore.go
internal/auth/userstore_test.go	internal/libpq/auth/userstore_test.go
internal/lockmgr/alllocks_test.go	internal/storage/lmgr/alllocks_test.go
internal/lockmgr/deadlock.go	internal/storage/lmgr/deadlock.go
internal/lockmgr/deadlock_test.go	internal/storage/lmgr/deadlock_test.go
internal/lockmgr/lockmgr.go	internal/storage/lmgr/lockmgr.go
internal/lockmgr/lockmgr_test.go	internal/storage/lmgr/lockmgr_test.go
internal/pgdatetime/adjust_typmod.go	internal/utils/adt/datetime/adjust_typmod.go
internal/pgdatetime/adjust_typmod_test.go	internal/utils/adt/datetime/adjust_typmod_test.go
internal/pgdatetime/era.go	internal/utils/adt/datetime/era.go
internal/pgdatetime/era_test.go	internal/utils/adt/datetime/era_test.go
internal/pgdatetime/interval_format.go	internal/utils/adt/datetime/interval_format.go
internal/pgdatetime/interval_typmod.go	internal/utils/adt/datetime/interval_typmod.go
internal/pgdatetime/interval_typmod_test.go	internal/utils/adt/datetime/interval_typmod_test.go
internal/pgdatetime/monthname.go	internal/utils/adt/datetime/monthname.go
internal/pgdatetime/monthname_test.go	internal/utils/adt/datetime/monthname_test.go
internal/pgdatetime/normalize.go	internal/utils/adt/datetime/normalize.go
internal/pgdatetime/normalize_test.go	internal/utils/adt/datetime/normalize_test.go
internal/pgdatetime/pg_datetime_format.go	internal/utils/adt/datetime/pg_datetime_format.go
internal/pgdatetime/pg_datetime_format_test.go	internal/utils/adt/datetime/pg_datetime_format_test.go
internal/pgdatetime/timeofday.go	internal/utils/adt/datetime/timeofday.go
internal/pgdatetime/timeofday_test.go	internal/utils/adt/datetime/timeofday_test.go
internal/pgarray/array_elem_output_style_test.go	internal/utils/adt/array/array_elem_output_style_test.go
internal/pgarray/pgarray.go	internal/utils/adt/array/pgarray.go
internal/pgarray/reg_elem_test.go	internal/utils/adt/array/reg_elem_test.go
internal/sqlkeywords/keywords.go	internal/parser/sqlkeywords/keywords.go
internal/sqlkeywords/keywords_test.go	internal/parser/sqlkeywords/keywords_test.go
internal/config/allow_in_place_tablespaces_test.go	internal/utils/misc/allow_in_place_tablespaces_test.go
internal/config/allow_system_table_mods_test.go	internal/utils/misc/allow_system_table_mods_test.go
internal/config/datestyle.go	internal/utils/misc/datestyle.go
internal/config/datestyle_era_test.go	internal/utils/misc/datestyle_era_test.go
internal/config/datestyle_test.go	internal/utils/misc/datestyle_test.go
internal/config/debug_parallel_query_test.go	internal/utils/misc/debug_parallel_query_test.go
internal/config/defaults.go	internal/utils/misc/defaults.go
internal/config/encoding_guc.go	internal/utils/misc/encoding_guc.go
internal/config/encoding_guc_test.go	internal/utils/misc/encoding_guc_test.go
internal/config/geqo_guc_stubs_test.go	internal/utils/misc/geqo_guc_stubs_test.go
internal/config/guc.go	internal/utils/misc/guc.go
internal/config/guc_test.go	internal/utils/misc/guc_test.go
internal/config/is_custom_guc_name_test.go	internal/utils/misc/is_custom_guc_name_test.go
internal/config/jit_guc_stubs_test.go	internal/utils/misc/jit_guc_stubs_test.go
internal/config/object_default_guc_stubs_test.go	internal/utils/misc/object_default_guc_stubs_test.go
internal/config/parallel_gucs_test.go	internal/utils/misc/parallel_gucs_test.go
internal/config/parser.go	internal/utils/misc/parser.go
internal/config/parser_test.go	internal/utils/misc/parser_test.go
internal/config/pg_initdb_conf_test.go	internal/utils/misc/pg_initdb_conf_test.go
internal/config/pgdump_gucs_test.go	internal/utils/misc/pgdump_gucs_test.go
internal/config/postgresql.conf.sample	internal/utils/misc/postgresql.conf.sample
internal/config/sample.go	internal/utils/misc/sample.go
internal/config/sample_test.go	internal/utils/misc/sample_test.go
internal/config/session.go	internal/utils/misc/session.go
internal/config/session_uniqueid_test.go	internal/utils/misc/session_uniqueid_test.go
internal/config/stats_gucs_test.go	internal/utils/misc/stats_gucs_test.go
internal/config/timestamptz_out.go	internal/utils/misc/timestamptz_out.go
internal/config/timestamptz_out_test.go	internal/utils/misc/timestamptz_out_test.go
internal/config/version.go	internal/utils/misc/version.go
