sf025	Q1	B8	M0145-0008ag [!] (owner B8 decision, M0146-0068)	depth=3 [scan-type] under Nested Loop: PG Index Scan customer_pkey on customer | goopg Bitmap Heap Scan on customer
sf025	Q14	B8	M0145-0008ag [!] (owner B8 decision, M0146-0068)	depth=8 [scan-type] under Nested Loop: PG Index Scan item_pkey on item | goopg Bitmap Heap Scan on item
sf025	Q16	B15	ledger take3-B-15-blocked-2	depth=4 [parallelism] under Sort: PG Nested Loop Inner | goopg Gather
sf025	Q17	B8	M0145-0008ag [!] (owner B8 decision, M0146-0068)	depth=4 [parallelism] under Nested Loop: PG Nested Loop Inner | goopg Gather Merge
sf025	Q19	COSTTIE	M0146-0014 — waived residual (COSTTIE)	depth=2 [aggregation-strategy] under Sort: PG Finalize GroupAggregate | goopg GroupAggregate
sf025	Q25	B8	M0145-0008ag [!] (owner B8 decision, M0146-0068)	depth=4 [parallelism] under Nested Loop: PG Nested Loop Inner | goopg Gather Merge
sf025	Q26	COSTTIE	M0146-0014 — waived residual (COSTTIE)	depth=2 [sort-strategy] under GroupAggregate: PG Sort | goopg Gather Merge
sf025	Q29	B8	M0145-0008ag [!] (owner B8 decision, M0146-0068)	depth=4 [parallelism] under Nested Loop: PG Nested Loop Inner | goopg Gather Merge
sf025	Q30	B8	M0145-0008ag [!] (owner B8 decision, M0146-0068)	depth=5 [join-method] under Nested Loop: PG Nested Loop Inner | goopg Hash Join Inner
sf025	Q32	B8	M0145-0008ag [!] (owner B8 decision, M0146-0068)	depth=6 [scan-type] under Nested Loop: PG Index Scan date_dim_pkey on date_dim date_dim_1 | goopg Bitmap Heap Scan on date_dim date_dim_1
sf025	Q33	COSTTIE	M0146-0014 — waived residual (COSTTIE)	depth=5 [sort-strategy] under GroupAggregate: PG Sort | goopg Gather Merge
sf025	Q34	B8	M0145-0008ag [!] (owner B8 decision, M0146-0068)	depth=2 [scan-type] under Nested Loop: PG Index Scan customer_pkey on customer | goopg Bitmap Heap Scan on customer
sf025	Q37	B15	ledger take3-B-15-blocked-2	depth=6 [join-order] under Nested Loop: PG Nested Loop Inner | goopg Nested Loop Inner
sf025	Q38	COSTTIE	M0146-0014 — waived residual (COSTTIE)	depth=5 [sort-strategy] under Gather Merge: PG Unique | goopg Sort
sf025	Q39	COSTTIE	M0146-0014 — waived residual (COSTTIE)	depth=4 [parallelism] under HashAggregate: PG Hash Join Inner | goopg Gather
sf025	Q40	COSTTIE	M0146-0014 — waived residual (COSTTIE)	depth=1 [aggregation-strategy] under Limit: PG Finalize GroupAggregate | goopg GroupAggregate
sf025	Q42	B15	ledger take3-B-15-blocked-2	depth=6 [join-order] under Nested Loop: PG Parallel Hash Join Inner | goopg Parallel Hash Join Inner
sf025	Q45	COSTTIE	M0146-0014 — waived residual (COSTTIE)	depth=2 [sort-strategy] under GroupAggregate: PG Sort | goopg Gather Merge
sf025	Q46	B8	M0145-0008ag [!] (owner B8 decision, M0146-0068)	depth=3 [join-method] under Nested Loop: PG Nested Loop Inner | goopg Hash Join Inner
sf025	Q52	B15	ledger take3-B-15-blocked-2	depth=6 [join-order] under Nested Loop: PG Parallel Hash Join Inner | goopg Parallel Hash Join Inner
sf025	Q54	PARAM-APPEND	M0146-0005dp [!]	depth=1 [sort-strategy] under Limit: PG Incremental Sort | goopg Sort
sf025	Q60	B8	M0145-0008ag [!] (owner B8 decision, M0146-0068)	depth=1 [sort-strategy] under Limit: PG Incremental Sort | goopg Sort
sf025	Q61	COSTTIE	M0146-0014 — waived residual (COSTTIE)	depth=3 [aggregation-strategy] under Nested Loop: PG Finalize Aggregate | goopg Aggregate
sf025	Q68	B8	M0145-0008ag [!] (owner B8 decision, M0146-0068)	depth=4 [scan-type] under Nested Loop: PG Index Scan customer_pkey on customer | goopg Bitmap Heap Scan on customer
sf025	Q69	COSTTIE	M0146-0014 — waived residual (COSTTIE)	depth=3 [join-method] under Sort: PG Hash Join Left Anti | goopg Nested Loop Left Anti
sf025	Q72	COSTTIE	M0146-0014 — waived residual (COSTTIE)	depth=3 [sort-strategy] under GroupAggregate: PG Nested Loop Left | goopg Sort
sf025	Q73	B8	M0145-0008ag [!] (owner B8 decision, M0146-0068)	depth=2 [scan-type] under Nested Loop: PG Index Scan customer_pkey on customer | goopg Bitmap Heap Scan on customer
sf025	Q76	B8	M0145-0008ag [!] (owner B8 decision, M0146-0068)	depth=6 [join-method] under Append: PG Parallel Hash Join Inner | goopg Nested Loop Inner
sf025	Q77	COSTTIE	M0146-0014 — waived residual (COSTTIE)	depth=5 [aggregation-strategy] under Merge Join: PG GroupAggregate | goopg Finalize GroupAggregate
sf025	Q78	COSTTIE	M0146-0014 — waived residual (COSTTIE) (0.06 apart, measured 2026-10-09)	depth=2 [qual-placement] under Sort: PG Merge Join Left | goopg Merge Join Left
sf025	Q81	B8	M0145-0008ag [!] (owner B8 decision, M0146-0068)	depth=4 [scan-type] under Nested Loop: PG Index Scan customer_pkey on customer | goopg Bitmap Heap Scan on customer
sf025	Q83	B8	M0145-0008ag [!] (owner B8 decision, M0146-0068)	depth=7 [join-method] under Nested Loop: PG Hash Join Left Semi | goopg Hash Join Inner
sf025	Q85	B8	M0145-0008ag [!] (owner B8 decision, M0146-0068)	depth=7 [join-order] under Nested Loop: PG Nested Loop Inner | goopg Nested Loop Inner
sf025	Q87	COSTTIE	M0146-0014 — waived residual (COSTTIE)	depth=5 [sort-strategy] under Gather Merge: PG Unique | goopg Sort
sf025	Q99	COSTTIE	M0146-0014 — waived residual (COSTTIE)	depth=6 [join-order] under Hash Join: PG Hash Join Inner | goopg Hash Join Inner
sf1	Q3	RELPAGES	owner SF1 reload (relpages; M0146-0009h closed, reload pending)	depth=3 [sort-strategy] under GroupAggregate: PG Gather Merge | goopg Sort
sf1	Q4	HASHSPILL/WIDTH	M0141-S2a-fix2r-a	depth=3 [aggregation-strategy] under Append: PG HashAggregate | goopg GroupAggregate
sf1	Q5	RENDERING	M0146-0042 [!] (held)	depth=8 [join-order] under Sort: PG Hash Join Inner | goopg Hash Join Inner
sf1	Q7	RELPAGES	owner SF1 reload (relpages; M0146-0009h closed, reload pending)	depth=2 [parallelism] under GroupAggregate: PG Nested Loop Inner | goopg Gather Merge
sf1	Q11	HASHSPILL	M0141-S2a-fix2r-a	depth=3 [aggregation-strategy] under Append: PG HashAggregate | goopg GroupAggregate
sf1	Q13	COSTTIE	M0146-0014 — waived residual (COSTTIE)	depth=0 [aggregation-strategy] under -: PG Finalize Aggregate | goopg Aggregate
sf1	Q14	B8	M0145-0008ag [!] (owner B8 decision, M0146-0068)	depth=6 [parallelism] under Gather: PG Parallel Hash Join Inner | goopg Hash Join Inner
sf1	Q16	B15	ledger take3-B-15-blocked-2	depth=4 [parallelism] under Sort: PG Nested Loop Inner | goopg Gather
sf1	Q19	COSTTIE	M0146-0014 — waived residual (COSTTIE)	depth=2 [aggregation-strategy] under Sort: PG Finalize GroupAggregate | goopg GroupAggregate
sf1	Q22	RELPAGES	owner SF1 reload (relpages; M0146-0009h closed, reload pending)	depth=4 [parallelism] under Gather: PG Parallel Hash Join Inner | goopg Hash Join Inner
sf1	Q23	RELPAGES	owner SF1 reload (relpages; M0146-0009h closed, reload pending)	depth=4 [parallelism] under Gather: PG Parallel Hash Join Inner | goopg Hash Join Inner
sf1	Q24	RELPAGES	owner SF1 reload (relpages; M0146-0009h closed, reload pending)	depth=7 [parallelism] under Nested Loop: PG Parallel Hash Join Inner | goopg Hash Join Inner
sf1	Q26	COSTTIE	M0146-0014 — waived residual (COSTTIE)	depth=2 [sort-strategy] under GroupAggregate: PG Sort | goopg Gather Merge
sf1	Q30	B8	M0145-0008ag [!] (owner B8 decision, M0146-0068)	depth=4 [scan-type] under Nested Loop: PG Index Scan customer_pkey on customer | goopg Bitmap Heap Scan on customer
sf1	Q31	COSTTIE	M0146-0014 — waived residual (COSTTIE)	depth=3 [join-order] under HashAggregate: PG Hash Join Inner | goopg Hash Join Inner
sf1	Q32	B8	M0145-0008ag [!] (owner B8 decision, M0146-0068)	depth=6 [parameterisation] under Nested Loop: PG Memoize | goopg Bitmap Heap Scan on date_dim date_dim_1
sf1	Q33	COSTTIE	M0146-0014 — waived residual (COSTTIE)	depth=5 [sort-strategy] under GroupAggregate: PG Sort | goopg Gather Merge
sf1	Q34	B8	M0145-0008ag [!] (owner B8 decision, M0146-0068)	depth=2 [scan-type] under Nested Loop: PG Index Scan customer_pkey on customer | goopg Bitmap Heap Scan on customer
sf1	Q37	RELPAGES	owner SF1 reload (relpages; M0146-0009h closed, reload pending)	depth=2 [sort-strategy] under Group: PG Nested Loop Inner | goopg Sort
sf1	Q38	COSTTIE	M0146-0014 — waived residual (COSTTIE)	depth=5 [sort-strategy] under Gather Merge: PG Unique | goopg Sort
sf1	Q39	COSTTIE	M0146-0014 — waived residual (COSTTIE)	depth=4 [parallelism] under HashAggregate: PG Hash Join Inner | goopg Gather
sf1	Q40	COSTTIE	M0146-0014 — waived residual (COSTTIE)	depth=1 [aggregation-strategy] under Limit: PG Finalize GroupAggregate | goopg GroupAggregate
sf1	Q42	B15	ledger take3-B-15-blocked-2	depth=6 [parallelism] under Nested Loop: PG Parallel Hash Join Inner | goopg Hash Join Inner
sf1	Q48	COSTTIE	M0146-0014 — waived residual (COSTTIE)	depth=0 [aggregation-strategy] under -: PG Finalize Aggregate | goopg Aggregate
sf1	Q52	B15	ledger take3-B-15-blocked-2	depth=6 [parallelism] under Nested Loop: PG Parallel Hash Join Inner | goopg Hash Join Inner
sf1	Q53	RELPAGES	owner SF1 reload (relpages; M0146-0009h closed, reload pending)	depth=6 [parallelism] under Sort: PG Gather | goopg Nested Loop Inner
sf1	Q54	PARAM-APPEND	M0146-0005dp [!]	depth=1 [sort-strategy] under Limit: PG Incremental Sort | goopg Sort
sf1	Q55	RELPAGES	owner SF1 reload (relpages; M0146-0009h closed, reload pending)	depth=6 [join-method] under Nested Loop: PG Nested Loop Inner | goopg Hash Join Inner
sf1	Q56	RELPAGES	owner SF1 reload (relpages; M0146-0009h closed, reload pending)	depth=5 [sort-strategy] under GroupAggregate: PG Gather Merge | goopg Sort
sf1	Q60	B8	M0145-0008ag [!] (owner B8 decision, M0146-0068)	depth=1 [sort-strategy] under Limit: PG Incremental Sort | goopg Sort
sf1	Q61	RELPAGES	owner SF1 reload (relpages; M0146-0009h closed, reload pending)	depth=8 [join-method] under Nested Loop: PG Nested Loop Inner | goopg Hash Join Inner
sf1	Q62	COSTTIE	M0146-0014 — waived residual (COSTTIE)	depth=5 [join-order] under Sort: PG Hash Join Inner | goopg Hash Join Inner
sf1	Q63	RELPAGES	owner SF1 reload (relpages; M0146-0009h closed, reload pending)	depth=6 [parallelism] under Sort: PG Gather | goopg Nested Loop Inner
sf1	Q68	B8	M0145-0008ag [!] (owner B8 decision, M0146-0068)	depth=3 [join-method] under Nested Loop: PG Nested Loop Inner | goopg Hash Join Inner
sf1	Q69	COSTTIE	M0146-0014 — waived residual (COSTTIE)	depth=2 [qual-placement] under GroupAggregate: PG Nested Loop Left Anti | goopg Nested Loop Left Anti
sf1	Q71	COSTTIE	M0146-0014 — waived residual (COSTTIE)	depth=1 [aggregation-strategy] under Sort: PG Finalize GroupAggregate | goopg GroupAggregate
sf1	Q73	B8	M0145-0008ag [!] (owner B8 decision, M0146-0068)	depth=2 [scan-type] under Nested Loop: PG Index Scan customer_pkey on customer | goopg Bitmap Heap Scan on customer
sf1	Q75	RELPAGES	owner SF1 reload (relpages; M0146-0009h closed, reload pending)	depth=8 [parallelism] under Nested Loop: PG Parallel Hash Join Inner | goopg Hash Join Inner
sf1	Q76	B8	M0145-0008ag [!] (owner B8 decision, M0146-0068)	depth=6 [join-method] under Append: PG Parallel Hash Join Inner | goopg Nested Loop Inner
sf1	Q77	COSTTIE	M0146-0014 — waived residual (COSTTIE)	depth=5 [aggregation-strategy] under Merge Join: PG GroupAggregate | goopg Finalize GroupAggregate
sf1	Q78	STATS	M0146-0009 (store_returns anti-join estimate 30 vs 281/worker)	depth=2 [join-order] under Incremental Sort: PG Merge Join Left | goopg Merge Join Left
sf1	Q80	COSTTIE+RELPAGES	M0146-0014; SF1 reload	depth=12 [parallelism] under Nested Loop: PG Parallel Hash Join Inner | goopg Hash Join Inner
sf1	Q81	B8	M0145-0008ag [!] (owner B8 decision, M0146-0068)	depth=4 [scan-type] under Nested Loop: PG Index Scan customer_pkey on customer | goopg Bitmap Heap Scan on customer
sf1	Q82	RELPAGES	owner SF1 reload (relpages; M0146-0009h closed, reload pending)	depth=2 [sort-strategy] under Group: PG Nested Loop Inner | goopg Sort
sf1	Q84	RELPAGES	owner SF1 reload (relpages; M0146-0009h closed, reload pending)	depth=7 [parallelism] under Hash Join: PG Parallel Hash Join Inner | goopg Hash Join Inner
sf1	Q85	B8	M0145-0008ag [!] (owner B8 decision, M0146-0068)	depth=7 [join-order] under Nested Loop: PG Nested Loop Inner | goopg Nested Loop Inner
sf1	Q89	RELPAGES	owner SF1 reload (relpages; M0146-0009h closed, reload pending)	depth=10 [parallelism] under Nested Loop: PG Parallel Hash Join Inner | goopg Hash Join Inner
sf1	Q92	B8	M0145-0008ag [!] (owner B8 decision, M0146-0068)	depth=7 [parameterisation] under Nested Loop: PG Memoize | goopg Bitmap Heap Scan on date_dim date_dim_1
sf1	Q99	COSTTIE	M0146-0014 — waived residual (COSTTIE)	depth=5 [join-order] under Sort: PG Hash Join Inner | goopg Hash Join Inner
sf025	Q5	?	new/moved	depth=8 [join-method] under Gather: PG Hash Join Inner | goopg Nested Loop Inner
sf025	Q6	?	new/moved	depth=7 [parameterisation] under Aggregate: PG Seq Scan on item j | goopg Seq Scan on item j
sf025	Q36	?	new/moved	depth=2 [scan-type] under Sort: PG Subquery Scan on sub | goopg WindowAgg
sf025	Q49	?	new/moved	depth=15 [scan-type] under Nested Loop: PG Index Scan web_sales_pkey on web_sales ws | goopg Bitmap Heap Scan on web_sales ws
sf025	Q58	?	new/moved	depth=10 [parameterisation] under Seq Scan: PG - | goopg InitPlan1  -- InitPlan1 present only on goopg side
sf025	Q64	?	new/moved	depth=5 [qual-placement] under Nested Loop: PG Nested Loop Inner | goopg Nested Loop Inner
sf025	Q70	?	new/moved	depth=2 [scan-type] under Sort: PG Subquery Scan on sub | goopg WindowAgg
sf025	Q79	?	route-closed:M0146-0139	depth=2 [join-method] under Sort: PG Nested Loop Inner | goopg Hash Join Inner
sf025	Q86	?	new/moved	depth=2 [scan-type] under Sort: PG Subquery Scan on sub | goopg WindowAgg
sf025	Q92	?	new/moved	depth=8 [scan-type] under Nested Loop: PG Index Scan date_dim_pkey on date_dim date_dim_1 | goopg Bitmap Heap Scan on date_dim date_dim_1
sf025	Q95	?	new/moved	depth=6 [scan-type] under Hash Join: PG Index Only Scan web_returns_pkey on web_returns | goopg Index Scan web_returns_pkey on web_returns
sf1	Q6	?	new/moved	depth=7 [parameterisation] under Aggregate: PG Seq Scan on item j | goopg Seq Scan on item j
sf1	Q18	?	new/moved	depth=8 [join-order] under Nested Loop: PG Nested Loop Inner | goopg Nested Loop Inner
sf1	Q35	?	route-closed:M0146-0131	depth=2 [sort-strategy] under GroupAggregate: PG Incremental Sort | goopg Sort
sf1	Q36	?	new/moved	depth=2 [scan-type] under Sort: PG Subquery Scan on sub | goopg WindowAgg
sf1	Q49	?	new/moved	depth=16 [scan-type] under Nested Loop: PG Index Scan web_sales_pkey on web_sales ws | goopg Bitmap Heap Scan on web_sales ws
sf1	Q58	?	new/moved	depth=10 [parameterisation] under Seq Scan: PG - | goopg InitPlan1  -- InitPlan1 present only on goopg side
sf1	Q64	?	new/moved	depth=6 [join-order] under Nested Loop: PG Nested Loop Inner | goopg Nested Loop Inner
sf1	Q70	?	new/moved	depth=2 [scan-type] under Sort: PG Subquery Scan on sub | goopg WindowAgg
sf1	Q72	?	route-closed:M0146-0136	depth=3 [sort-strategy] under GroupAggregate: PG Nested Loop Left | goopg Sort
sf1	Q86	?	new/moved	depth=2 [scan-type] under Sort: PG Subquery Scan on sub | goopg WindowAgg
sf1	Q95	?	new/moved	depth=7 [scan-type] under Hash Join: PG Index Only Scan web_returns_pkey on web_returns | goopg Index Scan web_returns_pkey on web_returns
